[2026-09-12T02:27:09.013Z] f22-bscs-1010@uo.edu.pk: locator.waitFor: Timeout 10000ms exceeded.
Call log:
[2m  - waiting for locator('button[aria-label*="Action menu"], button[aria-label*="More options"], button[aria-label="Actions"]').first() to be visible[22m

locator.waitFor: Timeout 10000ms exceeded.
Call log:
[2m  - waiting for locator('button[aria-label*="Action menu"], button[aria-label*="More options"], button[aria-label="Actions"]').first() to be visible[22m

    at runPostAuthentication (C:\Lapi\Study\Web\automation-dashboard\.next\dev\server\chunks\[root-of-the-server]__0-jzpkk._.js?id=[project]\src\lib\automation\post-authentication.ts+[app-route]+(ecmascript):11:22)
    at runWorkflow (C:\Lapi\Study\Web\automation-dashboard\.next\dev\server\chunks\[root-of-the-server]__0-jzpkk._.js?id=[project]\src\lib\automation\workflow.ts+[app-route]+(ecmascript):76:193)
    at async runAutomationJob (C:\Lapi\Study\Web\automation-dashboard\.next\dev\server\chunks\[root-of-the-server]__1o4q21n._.js:872:20)
    at async C:\Lapi\Study\Web\automation-dashboard\.next\dev\server\chunks\[root-of-the-server]__1o4q21n._.js:451:30
    at async runBatch (C:\Lapi\Study\Web\automation-dashboard\.next\dev\server\chunks\[root-of-the-server]__1o4q21n._.js:437:9)
    at async runAutomation (C:\Lapi\Study\Web\automation-dashboard\.next\dev\server\chunks\[root-of-the-server]__1o4q21n._.js:175:45)
[2026-09-12T02:27:23.841Z] f22-bscs-1010@uo.edu.pk: locator.waitFor: Target page, context or browser has been closed
Call log:
[2m  - waiting for locator('button[aria-label*="Action menu"], button[aria-label*="More options"], button[aria-label="Actions"]').first() to be visible[22m

locator.waitFor: Target page, context or browser has been closed
Call log:
[2m  - waiting for locator('button[aria-label*="Action menu"], button[aria-label*="More options"], button[aria-label="Actions"]').first() to be visible[22m

    at runPostAuthentication (C:\Lapi\Study\Web\automation-dashboard\.next\dev\server\chunks\[root-of-the-server]__0-jzpkk._.js?id=[project]\src\lib\automation\post-authentication.ts+[app-route]+(ecmascript):11:22)
    at runWorkflow (C:\Lapi\Study\Web\automation-dashboard\.next\dev\server\chunks\[root-of-the-server]__0-jzpkk._.js?id=[project]\src\lib\automation\workflow.ts+[app-route]+(ecmascript):76:193)
    at async runAutomationJob (C:\Lapi\Study\Web\automation-dashboard\.next\dev\server\chunks\[root-of-the-server]__1o4q21n._.js:872:20)
    at async C:\Lapi\Study\Web\automation-dashboard\.next\dev\server\chunks\[root-of-the-server]__1o4q21n._.js:451:30
    at async runBatch (C:\Lapi\Study\Web\automation-dashboard\.next\dev\server\chunks\[root-of-the-server]__1o4q21n._.js:437:9)
    at async runAutomation (C:\Lapi\Study\Web\automation-dashboard\.next\dev\server\chunks\[root-of-the-server]__1o4q21n._.js:175:45)
[2026-09-12T02:27:25.574Z] f22-bscs-1010@uo.edu.pk: page.goto: net::ERR_ABORTED; maybe frame was detached?
Call log:
[2m  - navigating to "https://myaccount.google.com/", waiting until "domcontentloaded"[22m

page.goto: net::ERR_ABORTED; maybe frame was detached?
Call log:
[2m  - navigating to "https://myaccount.google.com/", waiting until "domcontentloaded"[22m

    at runWorkflow (C:\Lapi\Study\Web\automation-dashboard\.next\dev\server\chunks\[root-of-the-server]__0-jzpkk._.js?id=[project]\src\lib\automation\workflow.ts+[app-route]+(ecmascript):24:24)
    at async runAutomationJob (C:\Lapi\Study\Web\automation-dashboard\.next\dev\server\chunks\[root-of-the-server]__1o4q21n._.js:872:20)
    at async C:\Lapi\Study\Web\automation-dashboard\.next\dev\server\chunks\[root-of-the-server]__1o4q21n._.js:451:30
    at async runBatch (C:\Lapi\Study\Web\automation-dashboard\.next\dev\server\chunks\[root-of-the-server]__1o4q21n._.js:437:9)
    at async runAutomation (C:\Lapi\Study\Web\automation-dashboard\.next\dev\server\chunks\[root-of-the-server]__1o4q21n._.js:175:45)
[2026-09-12T02:28:26.059Z] f22-bscs-1010@uo.edu.pk: locator.waitFor: Timeout 10000ms exceeded.
Call log:
[2m  - waiting for locator('button[aria-label*="Action menu"], button[aria-label*="More options"], button[aria-label="Actions"]').first() to be visible[22m

locator.waitFor: Timeout 10000ms exceeded.
Call log:
[2m  - waiting for locator('button[aria-label*="Action menu"], button[aria-label*="More options"], button[aria-label="Actions"]').first() to be visible[22m

    at runPostAuthentication (C:\Lapi\Study\Web\automation-dashboard\.next\dev\server\chunks\[root-of-the-server]__0xdqu-g._.js:682:22)
    at runWorkflow (C:\Lapi\Study\Web\automation-dashboard\.next\dev\server\chunks\[root-of-the-server]__0xdqu-g._.js:1033:193)
    at async runAutomationJob (C:\Lapi\Study\Web\automation-dashboard\.next\dev\server\chunks\[root-of-the-server]__0xdqu-g._.js:924:20)
    at async C:\Lapi\Study\Web\automation-dashboard\.next\dev\server\chunks\[root-of-the-server]__0xdqu-g._.js:457:30
    at async runBatch (C:\Lapi\Study\Web\automation-dashboard\.next\dev\server\chunks\[root-of-the-server]__0xdqu-g._.js:443:9)
    at async runAutomation (C:\Lapi\Study\Web\automation-dashboard\.next\dev\server\chunks\[root-of-the-server]__0xdqu-g._.js:181:45)
[2026-09-12T02:28:31.942Z] f22-bscs-1010@uo.edu.pk: page.goto: Target page, context or browser has been closed
Call log:
[2m  - navigating to "https://share.google/nGDUcwrYZ6wG3lRvP", waiting until "domcontentloaded"[22m

page.goto: Target page, context or browser has been closed
Call log:
[2m  - navigating to "https://share.google/nGDUcwrYZ6wG3lRvP", waiting until "domcontentloaded"[22m

    at runWorkflow (C:\Lapi\Study\Web\automation-dashboard\.next\dev\server\chunks\[root-of-the-server]__0xdqu-g._.js:997:24)
    at async runAutomationJob (C:\Lapi\Study\Web\automation-dashboard\.next\dev\server\chunks\[root-of-the-server]__0xdqu-g._.js:924:20)
    at async C:\Lapi\Study\Web\automation-dashboard\.next\dev\server\chunks\[root-of-the-server]__0xdqu-g._.js:457:30
    at async runBatch (C:\Lapi\Study\Web\automation-dashboard\.next\dev\server\chunks\[root-of-the-server]__0xdqu-g._.js:443:9)
    at async runAutomation (C:\Lapi\Study\Web\automation-dashboard\.next\dev\server\chunks\[root-of-the-server]__0xdqu-g._.js:181:45)
[2026-09-12T02:28:33.677Z] f22-bscs-1010@uo.edu.pk: page.goto: net::ERR_ABORTED; maybe frame was detached?
Call log:
[2m  - navigating to "https://myaccount.google.com/", waiting until "domcontentloaded"[22m

page.goto: net::ERR_ABORTED; maybe frame was detached?
Call log:
[2m  - navigating to "https://myaccount.google.com/", waiting until "domcontentloaded"[22m

    at runWorkflow (C:\Lapi\Study\Web\automation-dashboard\.next\dev\server\chunks\[root-of-the-server]__0xdqu-g._.js:981:24)
    at async runAutomationJob (C:\Lapi\Study\Web\automation-dashboard\.next\dev\server\chunks\[root-of-the-server]__0xdqu-g._.js:924:20)
    at async C:\Lapi\Study\Web\automation-dashboard\.next\dev\server\chunks\[root-of-the-server]__0xdqu-g._.js:457:30
    at async runBatch (C:\Lapi\Study\Web\automation-dashboard\.next\dev\server\chunks\[root-of-the-server]__0xdqu-g._.js:443:9)
    at async runAutomation (C:\Lapi\Study\Web\automation-dashboard\.next\dev\server\chunks\[root-of-the-server]__0xdqu-g._.js:181:45)
[2026-09-12T02:29:58.453Z] f22-bscs-1010@uo.edu.pk: locator.waitFor: Timeout 10000ms exceeded.
Call log:
[2m  - waiting for locator('button[aria-label*="Action menu"], button[aria-label*="More options"], button[aria-label="Actions"]').first() to be visible[22m

locator.waitFor: Timeout 10000ms exceeded.
Call log:
[2m  - waiting for locator('button[aria-label*="Action menu"], button[aria-label*="More options"], button[aria-label="Actions"]').first() to be visible[22m

    at runPostAuthentication (C:\Lapi\Study\Web\automation-dashboard\.next\dev\server\chunks\[root-of-the-server]__0xdqu-g._.js:682:22)
    at runWorkflow (C:\Lapi\Study\Web\automation-dashboard\.next\dev\server\chunks\[root-of-the-server]__0-jzpkk._.js?id=[project]\src\lib\automation\workflow.ts+[app-route]+(ecmascript):86:193)
    at async runAutomationJob (C:\Lapi\Study\Web\automation-dashboard\.next\dev\server\chunks\[root-of-the-server]__0xdqu-g._.js:924:20)
    at async C:\Lapi\Study\Web\automation-dashboard\.next\dev\server\chunks\[root-of-the-server]__0xdqu-g._.js:457:30
    at async runBatch (C:\Lapi\Study\Web\automation-dashboard\.next\dev\server\chunks\[root-of-the-server]__0xdqu-g._.js:443:9)
    at async runAutomation (C:\Lapi\Study\Web\automation-dashboard\.next\dev\server\chunks\[root-of-the-server]__0xdqu-g._.js:181:45)
[2026-09-12T02:30:14.427Z] f22-bscs-1010@uo.edu.pk: locator.waitFor: Timeout 10000ms exceeded.
Call log:
[2m  - waiting for locator('button[aria-label*="Action menu"], button[aria-label*="More options"], button[aria-label="Actions"]').first() to be visible[22m

locator.waitFor: Timeout 10000ms exceeded.
Call log:
[2m  - waiting for locator('button[aria-label*="Action menu"], button[aria-label*="More options"], button[aria-label="Actions"]').first() to be visible[22m

    at runPostAuthentication (C:\Lapi\Study\Web\automation-dashboard\.next\dev\server\chunks\[root-of-the-server]__0xdqu-g._.js:682:22)
    at runWorkflow (C:\Lapi\Study\Web\automation-dashboard\.next\dev\server\chunks\[root-of-the-server]__0-jzpkk._.js?id=[project]\src\lib\automation\workflow.ts+[app-route]+(ecmascript):86:193)
    at async runAutomationJob (C:\Lapi\Study\Web\automation-dashboard\.next\dev\server\chunks\[root-of-the-server]__0xdqu-g._.js:924:20)
    at async C:\Lapi\Study\Web\automation-dashboard\.next\dev\server\chunks\[root-of-the-server]__0xdqu-g._.js:457:30
    at async runBatch (C:\Lapi\Study\Web\automation-dashboard\.next\dev\server\chunks\[root-of-the-server]__0xdqu-g._.js:443:9)
    at async runAutomation (C:\Lapi\Study\Web\automation-dashboard\.next\dev\server\chunks\[root-of-the-server]__0xdqu-g._.js:181:45)
[2026-09-12T02:30:23.022Z] f22-bscs-1010@uo.edu.pk: locator.waitFor: Target page, context or browser has been closed
Call log:
[2m  - waiting for locator('button[aria-label*="Action menu"], button[aria-label*="More options"], button[aria-label="Actions"]').first() to be visible[22m

locator.waitFor: Target page, context or browser has been closed
Call log:
[2m  - waiting for locator('button[aria-label*="Action menu"], button[aria-label*="More options"], button[aria-label="Actions"]').first() to be visible[22m

    at runPostAuthentication (C:\Lapi\Study\Web\automation-dashboard\.next\dev\server\chunks\[root-of-the-server]__0xdqu-g._.js:682:22)
    at runWorkflow (C:\Lapi\Study\Web\automation-dashboard\.next\dev\server\chunks\[root-of-the-server]__0-jzpkk._.js?id=[project]\src\lib\automation\workflow.ts+[app-route]+(ecmascript):86:193)
    at async runAutomationJob (C:\Lapi\Study\Web\automation-dashboard\.next\dev\server\chunks\[root-of-the-server]__0xdqu-g._.js:924:20)
    at async C:\Lapi\Study\Web\automation-dashboard\.next\dev\server\chunks\[root-of-the-server]__0xdqu-g._.js:457:30
    at async runBatch (C:\Lapi\Study\Web\automation-dashboard\.next\dev\server\chunks\[root-of-the-server]__0xdqu-g._.js:443:9)
    at async runAutomation (C:\Lapi\Study\Web\automation-dashboard\.next\dev\server\chunks\[root-of-the-server]__0xdqu-g._.js:181:45)
[2026-09-12T02:38:48.810Z] f22-bscs-1010@uo.edu.pk: locator.waitFor: Timeout 10000ms exceeded.
Call log:
[2m  - waiting for locator('button[aria-label*="Action menu"], button[aria-label*="More options"], button[aria-label="Actions"]').first() to be visible[22m

locator.waitFor: Timeout 10000ms exceeded.
Call log:
[2m  - waiting for locator('button[aria-label*="Action menu"], button[aria-label*="More options"], button[aria-label="Actions"]').first() to be visible[22m

    at runPostAuthentication (C:\Lapi\Study\Web\automation-dashboard\.next\dev\server\chunks\[root-of-the-server]__0xdqu-g._.js:682:22)
    at runWorkflow (C:\Lapi\Study\Web\automation-dashboard\.next\dev\server\chunks\[root-of-the-server]__0xdqu-g._.js:1043:193)
    at async runAutomationJob (C:\Lapi\Study\Web\automation-dashboard\.next\dev\server\chunks\[root-of-the-server]__0xdqu-g._.js:924:20)
    at async C:\Lapi\Study\Web\automation-dashboard\.next\dev\server\chunks\[root-of-the-server]__0xdqu-g._.js:457:30
    at async runBatch (C:\Lapi\Study\Web\automation-dashboard\.next\dev\server\chunks\[root-of-the-server]__0xdqu-g._.js:443:9)
    at async runAutomation (C:\Lapi\Study\Web\automation-dashboard\.next\dev\server\chunks\[root-of-the-server]__0xdqu-g._.js:181:45)
[2026-09-12T02:39:06.892Z] f22-bscs-1010@uo.edu.pk: locator.waitFor: Timeout 10000ms exceeded.
Call log:
[2m  - waiting for locator('button[aria-label*="Action menu"], button[aria-label*="More options"], button[aria-label="Actions"]').first() to be visible[22m

locator.waitFor: Timeout 10000ms exceeded.
Call log:
[2m  - waiting for locator('button[aria-label*="Action menu"], button[aria-label*="More options"], button[aria-label="Actions"]').first() to be visible[22m

    at runPostAuthentication (C:\Lapi\Study\Web\automation-dashboard\.next\dev\server\chunks\[root-of-the-server]__0xdqu-g._.js:682:22)
    at runWorkflow (C:\Lapi\Study\Web\automation-dashboard\.next\dev\server\chunks\[root-of-the-server]__0xdqu-g._.js:1043:193)
    at async runAutomationJob (C:\Lapi\Study\Web\automation-dashboard\.next\dev\server\chunks\[root-of-the-server]__0xdqu-g._.js:924:20)
    at async C:\Lapi\Study\Web\automation-dashboard\.next\dev\server\chunks\[root-of-the-server]__0xdqu-g._.js:457:30
    at async runBatch (C:\Lapi\Study\Web\automation-dashboard\.next\dev\server\chunks\[root-of-the-server]__0xdqu-g._.js:443:9)
    at async runAutomation (C:\Lapi\Study\Web\automation-dashboard\.next\dev\server\chunks\[root-of-the-server]__0xdqu-g._.js:181:45)
[2026-09-12T02:39:22.200Z] f22-bscs-1010@uo.edu.pk: locator.waitFor: Timeout 10000ms exceeded.
Call log:
[2m  - waiting for locator('button[aria-label*="Action menu"], button[aria-label*="More options"], button[aria-label="Actions"]').first() to be visible[22m

locator.waitFor: Timeout 10000ms exceeded.
Call log:
[2m  - waiting for locator('button[aria-label*="Action menu"], button[aria-label*="More options"], button[aria-label="Actions"]').first() to be visible[22m

    at runPostAuthentication (C:\Lapi\Study\Web\automation-dashboard\.next\dev\server\chunks\[root-of-the-server]__0xdqu-g._.js:682:22)
    at runWorkflow (C:\Lapi\Study\Web\automation-dashboard\.next\dev\server\chunks\[root-of-the-server]__0xdqu-g._.js:1043:193)
    at async runAutomationJob (C:\Lapi\Study\Web\automation-dashboard\.next\dev\server\chunks\[root-of-the-server]__0xdqu-g._.js:924:20)
    at async C:\Lapi\Study\Web\automation-dashboard\.next\dev\server\chunks\[root-of-the-server]__0xdqu-g._.js:457:30
    at async runBatch (C:\Lapi\Study\Web\automation-dashboard\.next\dev\server\chunks\[root-of-the-server]__0xdqu-g._.js:443:9)
    at async runAutomation (C:\Lapi\Study\Web\automation-dashboard\.next\dev\server\chunks\[root-of-the-server]__0xdqu-g._.js:181:45)
[2026-09-12T02:42:26.823Z] f22-bscs-1010@uo.edu.pk: locator.waitFor: Timeout 10000ms exceeded.
Call log:
[2m  - waiting for locator('button[aria-label*="Action menu"], button[aria-label*="More options"], button[aria-label="Actions"]').first() to be visible[22m

locator.waitFor: Timeout 10000ms exceeded.
Call log:
[2m  - waiting for locator('button[aria-label*="Action menu"], button[aria-label*="More options"], button[aria-label="Actions"]').first() to be visible[22m

    at runPostAuthentication (C:\Lapi\Study\Web\automation-dashboard\.next\dev\server\chunks\[root-of-the-server]__0xdqu-g._.js:682:22)
    at runWorkflow (C:\Lapi\Study\Web\automation-dashboard\.next\dev\server\chunks\[root-of-the-server]__0xdqu-g._.js:1043:193)
    at async runAutomationJob (C:\Lapi\Study\Web\automation-dashboard\.next\dev\server\chunks\[root-of-the-server]__0xdqu-g._.js:924:20)
    at async C:\Lapi\Study\Web\automation-dashboard\.next\dev\server\chunks\[root-of-the-server]__0xdqu-g._.js:457:30
    at async runBatch (C:\Lapi\Study\Web\automation-dashboard\.next\dev\server\chunks\[root-of-the-server]__0xdqu-g._.js:443:9)
    at async runAutomation (C:\Lapi\Study\Web\automation-dashboard\.next\dev\server\chunks\[root-of-the-server]__0xdqu-g._.js:181:45)
[2026-09-12T02:42:29.540Z] f22-bscs-1010@uo.edu.pk: page.goto: Target page, context or browser has been closed
Call log:
[2m  - navigating to "https://share.google/nGDUcwrYZ6wG3lRvP", waiting until "domcontentloaded"[22m

page.goto: Target page, context or browser has been closed
Call log:
[2m  - navigating to "https://share.google/nGDUcwrYZ6wG3lRvP", waiting until "domcontentloaded"[22m

    at runWorkflow (C:\Lapi\Study\Web\automation-dashboard\.next\dev\server\chunks\[root-of-the-server]__0xdqu-g._.js:1007:24)
    at async runAutomationJob (C:\Lapi\Study\Web\automation-dashboard\.next\dev\server\chunks\[root-of-the-server]__0xdqu-g._.js:924:20)
    at async C:\Lapi\Study\Web\automation-dashboard\.next\dev\server\chunks\[root-of-the-server]__0xdqu-g._.js:457:30
    at async runBatch (C:\Lapi\Study\Web\automation-dashboard\.next\dev\server\chunks\[root-of-the-server]__0xdqu-g._.js:443:9)
    at async runAutomation (C:\Lapi\Study\Web\automation-dashboard\.next\dev\server\chunks\[root-of-the-server]__0xdqu-g._.js:181:45)
[2026-09-12T02:42:31.000Z] f22-bscs-1010@uo.edu.pk: page.goto: Target page, context or browser has been closed
Call log:
[2m  - navigating to "https://share.google/nGDUcwrYZ6wG3lRvP", waiting until "domcontentloaded"[22m

page.goto: Target page, context or browser has been closed
Call log:
[2m  - navigating to "https://share.google/nGDUcwrYZ6wG3lRvP", waiting until "domcontentloaded"[22m

    at runWorkflow (C:\Lapi\Study\Web\automation-dashboard\.next\dev\server\chunks\[root-of-the-server]__0xdqu-g._.js:1007:24)
    at async runAutomationJob (C:\Lapi\Study\Web\automation-dashboard\.next\dev\server\chunks\[root-of-the-server]__0xdqu-g._.js:924:20)
    at async C:\Lapi\Study\Web\automation-dashboard\.next\dev\server\chunks\[root-of-the-server]__0xdqu-g._.js:457:30
    at async runBatch (C:\Lapi\Study\Web\automation-dashboard\.next\dev\server\chunks\[root-of-the-server]__0xdqu-g._.js:443:9)
    at async runAutomation (C:\Lapi\Study\Web\automation-dashboard\.next\dev\server\chunks\[root-of-the-server]__0xdqu-g._.js:181:45)
[2026-09-12T02:47:09.527Z] f22-bscs-1010@uo.edu.pk: locator.waitFor: Timeout 30000ms exceeded.
Call log:
[2m  - waiting for locator('button[aria-label*="Action menu"], button[aria-label*="More options"], button[aria-label="Actions"]').first() to be visible[22m

locator.waitFor: Timeout 30000ms exceeded.
Call log:
[2m  - waiting for locator('button[aria-label*="Action menu"], button[aria-label*="More options"], button[aria-label="Actions"]').first() to be visible[22m

    at runPostAuthentication (C:\Lapi\Study\Web\automation-dashboard\.next\dev\server\chunks\[root-of-the-server]__0-jzpkk._.js?id=[project]\src\lib\automation\post-authentication.ts+[app-route]+(ecmascript):12:22)
    at runWorkflow (C:\Lapi\Study\Web\automation-dashboard\.next\dev\server\chunks\[root-of-the-server]__0xdqu-g._.js:1043:193)
    at async runAutomationJob (C:\Lapi\Study\Web\automation-dashboard\.next\dev\server\chunks\[root-of-the-server]__0xdqu-g._.js:924:20)
    at async C:\Lapi\Study\Web\automation-dashboard\.next\dev\server\chunks\[root-of-the-server]__0xdqu-g._.js:457:30
    at async runBatch (C:\Lapi\Study\Web\automation-dashboard\.next\dev\server\chunks\[root-of-the-server]__0xdqu-g._.js:443:9)
    at async runAutomation (C:\Lapi\Study\Web\automation-dashboard\.next\dev\server\chunks\[root-of-the-server]__0xdqu-g._.js:181:45)
[2026-09-12T02:47:30.953Z] f22-bscs-1010@uo.edu.pk: locator.waitFor: Target page, context or browser has been closed
Call log:
[2m  - waiting for locator('button[aria-label*="Action menu"], button[aria-label*="More options"], button[aria-label="Actions"]').first() to be visible[22m

locator.waitFor: Target page, context or browser has been closed
Call log:
[2m  - waiting for locator('button[aria-label*="Action menu"], button[aria-label*="More options"], button[aria-label="Actions"]').first() to be visible[22m

    at runPostAuthentication (C:\Lapi\Study\Web\automation-dashboard\.next\dev\server\chunks\[root-of-the-server]__0-jzpkk._.js?id=[project]\src\lib\automation\post-authentication.ts+[app-route]+(ecmascript):12:22)
    at runWorkflow (C:\Lapi\Study\Web\automation-dashboard\.next\dev\server\chunks\[root-of-the-server]__0xdqu-g._.js:1043:193)
    at async runAutomationJob (C:\Lapi\Study\Web\automation-dashboard\.next\dev\server\chunks\[root-of-the-server]__0xdqu-g._.js:924:20)
    at async C:\Lapi\Study\Web\automation-dashboard\.next\dev\server\chunks\[root-of-the-server]__0xdqu-g._.js:457:30
    at async runBatch (C:\Lapi\Study\Web\automation-dashboard\.next\dev\server\chunks\[root-of-the-server]__0xdqu-g._.js:443:9)
    at async runAutomation (C:\Lapi\Study\Web\automation-dashboard\.next\dev\server\chunks\[root-of-the-server]__0xdqu-g._.js:181:45)
[2026-09-12T02:47:32.292Z] f22-bscs-1010@uo.edu.pk: page.goto: Target page, context or browser has been closed
Call log:
[2m  - navigating to "https://share.google/nGDUcwrYZ6wG3lRvP", waiting until "domcontentloaded"[22m

page.goto: Target page, context or browser has been closed
Call log:
[2m  - navigating to "https://share.google/nGDUcwrYZ6wG3lRvP", waiting until "domcontentloaded"[22m

    at runWorkflow (C:\Lapi\Study\Web\automation-dashboard\.next\dev\server\chunks\[root-of-the-server]__0xdqu-g._.js:1007:24)
    at async runAutomationJob (C:\Lapi\Study\Web\automation-dashboard\.next\dev\server\chunks\[root-of-the-server]__0xdqu-g._.js:924:20)
    at async C:\Lapi\Study\Web\automation-dashboard\.next\dev\server\chunks\[root-of-the-server]__0xdqu-g._.js:457:30
    at async runBatch (C:\Lapi\Study\Web\automation-dashboard\.next\dev\server\chunks\[root-of-the-server]__0xdqu-g._.js:443:9)
    at async runAutomation (C:\Lapi\Study\Web\automation-dashboard\.next\dev\server\chunks\[root-of-the-server]__0xdqu-g._.js:181:45)
[2026-09-12T02:50:12.655Z] f22-bscs-1010@uo.edu.pk: locator.waitFor: Timeout 20000ms exceeded.
Call log:
[2m  - waiting for locator('button[aria-label="More review actions"], button[aria-label="Actions"], button[aria-label*="Action menu"], button[aria-label="More options"], button[aria-label="More"]').first() to be visible[22m

locator.waitFor: Timeout 20000ms exceeded.
Call log:
[2m  - waiting for locator('button[aria-label="More review actions"], button[aria-label="Actions"], button[aria-label*="Action menu"], button[aria-label="More options"], button[aria-label="More"]').first() to be visible[22m

    at runPostAuthentication (C:\Lapi\Study\Web\automation-dashboard\.next\dev\server\chunks\[root-of-the-server]__0-jzpkk._.js?id=[project]\src\lib\automation\post-authentication.ts+[app-route]+(ecmascript):24:22)
    at async runWorkflow (C:\Lapi\Study\Web\automation-dashboard\.next\dev\server\chunks\[root-of-the-server]__0xdqu-g._.js:1043:9)
    at async runAutomationJob (C:\Lapi\Study\Web\automation-dashboard\.next\dev\server\chunks\[root-of-the-server]__0xdqu-g._.js:924:20)
    at async C:\Lapi\Study\Web\automation-dashboard\.next\dev\server\chunks\[root-of-the-server]__0xdqu-g._.js:457:30
    at async runBatch (C:\Lapi\Study\Web\automation-dashboard\.next\dev\server\chunks\[root-of-the-server]__0xdqu-g._.js:443:9)
    at async runAutomation (C:\Lapi\Study\Web\automation-dashboard\.next\dev\server\chunks\[root-of-the-server]__0xdqu-g._.js:181:45)
[2026-09-12T02:50:18.778Z] f22-bscs-1010@uo.edu.pk: page.waitForTimeout: Target page, context or browser has been closed
page.waitForTimeout: Target page, context or browser has been closed
    at runPostAuthentication (C:\Lapi\Study\Web\automation-dashboard\.next\dev\server\chunks\[root-of-the-server]__0-jzpkk._.js?id=[project]\src\lib\automation\post-authentication.ts+[app-route]+(ecmascript):14:16)
    at async runWorkflow (C:\Lapi\Study\Web\automation-dashboard\.next\dev\server\chunks\[root-of-the-server]__0xdqu-g._.js:1043:9)
    at async runAutomationJob (C:\Lapi\Study\Web\automation-dashboard\.next\dev\server\chunks\[root-of-the-server]__0xdqu-g._.js:924:20)
    at async C:\Lapi\Study\Web\automation-dashboard\.next\dev\server\chunks\[root-of-the-server]__0xdqu-g._.js:457:30
    at async runBatch (C:\Lapi\Study\Web\automation-dashboard\.next\dev\server\chunks\[root-of-the-server]__0xdqu-g._.js:443:9)
    at async runAutomation (C:\Lapi\Study\Web\automation-dashboard\.next\dev\server\chunks\[root-of-the-server]__0xdqu-g._.js:181:45)
[2026-09-12T02:50:20.260Z] f22-bscs-1010@uo.edu.pk: page.goto: Target page, context or browser has been closed
Call log:
[2m  - navigating to "https://share.google/nGDUcwrYZ6wG3lRvP", waiting until "domcontentloaded"[22m

page.goto: Target page, context or browser has been closed
Call log:
[2m  - navigating to "https://share.google/nGDUcwrYZ6wG3lRvP", waiting until "domcontentloaded"[22m

    at runWorkflow (C:\Lapi\Study\Web\automation-dashboard\.next\dev\server\chunks\[root-of-the-server]__0xdqu-g._.js:1007:24)
    at async runAutomationJob (C:\Lapi\Study\Web\automation-dashboard\.next\dev\server\chunks\[root-of-the-server]__0xdqu-g._.js:924:20)
    at async C:\Lapi\Study\Web\automation-dashboard\.next\dev\server\chunks\[root-of-the-server]__0xdqu-g._.js:457:30
    at async runBatch (C:\Lapi\Study\Web\automation-dashboard\.next\dev\server\chunks\[root-of-the-server]__0xdqu-g._.js:443:9)
    at async runAutomation (C:\Lapi\Study\Web\automation-dashboard\.next\dev\server\chunks\[root-of-the-server]__0xdqu-g._.js:181:45)
[2026-09-12T02:54:44.005Z] f22-bscs-1010@uo.edu.pk: locator.waitFor: Target page, context or browser has been closed
Call log:
[2m  - waiting for locator('button[aria-label="More review actions"], button[aria-label="Actions"], button[aria-label*="Action menu"], button[aria-label="More options"], button[aria-label="More"]').first() to be visible[22m

locator.waitFor: Target page, context or browser has been closed
Call log:
[2m  - waiting for locator('button[aria-label="More review actions"], button[aria-label="Actions"], button[aria-label*="Action menu"], button[aria-label="More options"], button[aria-label="More"]').first() to be visible[22m

    at runPostAuthentication (C:\Lapi\Study\Web\automation-dashboard\.next\dev\server\chunks\[root-of-the-server]__0-jzpkk._.js?id=[project]\src\lib\automation\post-authentication.ts+[app-route]+(ecmascript):24:22)
    at async runWorkflow (C:\Lapi\Study\Web\automation-dashboard\.next\dev\server\chunks\[root-of-the-server]__0xdqu-g._.js:1043:9)
    at async runAutomationJob (C:\Lapi\Study\Web\automation-dashboard\.next\dev\server\chunks\[root-of-the-server]__0xdqu-g._.js:924:20)
    at async C:\Lapi\Study\Web\automation-dashboard\.next\dev\server\chunks\[root-of-the-server]__0xdqu-g._.js:457:30
    at async runBatch (C:\Lapi\Study\Web\automation-dashboard\.next\dev\server\chunks\[root-of-the-server]__0xdqu-g._.js:443:9)
    at async runAutomation (C:\Lapi\Study\Web\automation-dashboard\.next\dev\server\chunks\[root-of-the-server]__0xdqu-g._.js:181:45)
[2026-09-12T02:54:45.865Z] f22-bscs-1010@uo.edu.pk: page.goto: Target page, context or browser has been closed
Call log:
[2m  - navigating to "https://share.google/nGDUcwrYZ6wG3lRvP", waiting until "domcontentloaded"[22m

page.goto: Target page, context or browser has been closed
Call log:
[2m  - navigating to "https://share.google/nGDUcwrYZ6wG3lRvP", waiting until "domcontentloaded"[22m

    at runWorkflow (C:\Lapi\Study\Web\automation-dashboard\.next\dev\server\chunks\[root-of-the-server]__0xdqu-g._.js:1007:24)
    at async runAutomationJob (C:\Lapi\Study\Web\automation-dashboard\.next\dev\server\chunks\[root-of-the-server]__0xdqu-g._.js:924:20)
    at async C:\Lapi\Study\Web\automation-dashboard\.next\dev\server\chunks\[root-of-the-server]__0xdqu-g._.js:457:30
    at async runBatch (C:\Lapi\Study\Web\automation-dashboard\.next\dev\server\chunks\[root-of-the-server]__0xdqu-g._.js:443:9)
    at async runAutomation (C:\Lapi\Study\Web\automation-dashboard\.next\dev\server\chunks\[root-of-the-server]__0xdqu-g._.js:181:45)
[2026-09-12T02:54:46.944Z] f22-bscs-1010@uo.edu.pk: page.goto: Target page, context or browser has been closed
Call log:
[2m  - navigating to "https://share.google/nGDUcwrYZ6wG3lRvP", waiting until "domcontentloaded"[22m

page.goto: Target page, context or browser has been closed
Call log:
[2m  - navigating to "https://share.google/nGDUcwrYZ6wG3lRvP", waiting until "domcontentloaded"[22m

    at runWorkflow (C:\Lapi\Study\Web\automation-dashboard\.next\dev\server\chunks\[root-of-the-server]__0xdqu-g._.js:1007:24)
    at async runAutomationJob (C:\Lapi\Study\Web\automation-dashboard\.next\dev\server\chunks\[root-of-the-server]__0xdqu-g._.js:924:20)
    at async C:\Lapi\Study\Web\automation-dashboard\.next\dev\server\chunks\[root-of-the-server]__0xdqu-g._.js:457:30
    at async runBatch (C:\Lapi\Study\Web\automation-dashboard\.next\dev\server\chunks\[root-of-the-server]__0xdqu-g._.js:443:9)
    at async runAutomation (C:\Lapi\Study\Web\automation-dashboard\.next\dev\server\chunks\[root-of-the-server]__0xdqu-g._.js:181:45)
[2026-09-12T02:57:08.711Z] f22-bscs-1010@uo.edu.pk: page.waitForURL: Timeout 30000ms exceeded.
=========================== logs ===========================
waiting for navigation to "**/myaccount.google.com/**" until "load"
  navigated to "https://www.google.com/maps/reviews/data=!4m8!14m7!1m6!2m5!1sCi9DQUlRQUNvZENodHljRjlvT25jeWQwNUdVRmRzVkZWdFpFdDNWVzFYYW00eFgxRRAB!2m1!1s0x0:0x4b8e4bdcfb5ce6da!3m1!1s2@1:CAIQACodChtycF9oOncyd05GUFdsVFVtZEt3VW1Xam4xX1E%7C%7C?hl=en-GB&source=sh/x/kp/local/m1/0&kgs=f23fdd886c7fd2ef&utm_source=sh/x/kp/local/m1/0"
  navigated to "https://www.google.com/maps/reviews/@38.6525964,-90.2825402,17z/data=!3m1!4b1!4m6!14m5!1m4!2m3!1sCi9DQUlRQUNvZENodHljRjlvT25jeWQwNUdVRmRzVkZWdFpFdDNWVzFYYW00eFgxRRAB!2m1!1s0x0:0x4b8e4bdcfb5ce6da?hl=en-GB&entry=ttu&g_ep=EgoyMDI2MDkwOS4wIKXMDSoASAFQAw%3D%3D"
  navigated to "https://www.google.com/maps/reviews/@38.6525964,-90.2825402,17z/data=!3m1!4b1!4m6!14m5!1m4!2m3!1sCi9DQUlRQUNvZENodHljRjlvT25jeWQwNUdVRmRzVkZWdFpFdDNWVzFYYW00eFgxRRAB!2m1!1s0x0:0x4b8e4bdcfb5ce6da?hl=en-GB&entry=ttu&g_ep=EgoyMDI2MDkwOS4wIKXMDSoASAFQAw%3D%3D"
============================================================
page.waitForURL: Timeout 30000ms exceeded.
=========================== logs ===========================
waiting for navigation to "**/myaccount.google.com/**" until "load"
  navigated to "https://www.google.com/maps/reviews/data=!4m8!14m7!1m6!2m5!1sCi9DQUlRQUNvZENodHljRjlvT25jeWQwNUdVRmRzVkZWdFpFdDNWVzFYYW00eFgxRRAB!2m1!1s0x0:0x4b8e4bdcfb5ce6da!3m1!1s2@1:CAIQACodChtycF9oOncyd05GUFdsVFVtZEt3VW1Xam4xX1E%7C%7C?hl=en-GB&source=sh/x/kp/local/m1/0&kgs=f23fdd886c7fd2ef&utm_source=sh/x/kp/local/m1/0"
  navigated to "https://www.google.com/maps/reviews/@38.6525964,-90.2825402,17z/data=!3m1!4b1!4m6!14m5!1m4!2m3!1sCi9DQUlRQUNvZENodHljRjlvT25jeWQwNUdVRmRzVkZWdFpFdDNWVzFYYW00eFgxRRAB!2m1!1s0x0:0x4b8e4bdcfb5ce6da?hl=en-GB&entry=ttu&g_ep=EgoyMDI2MDkwOS4wIKXMDSoASAFQAw%3D%3D"
  navigated to "https://www.google.com/maps/reviews/@38.6525964,-90.2825402,17z/data=!3m1!4b1!4m6!14m5!1m4!2m3!1sCi9DQUlRQUNvZENodHljRjlvT25jeWQwNUdVRmRzVkZWdFpFdDNWVzFYYW00eFgxRRAB!2m1!1s0x0:0x4b8e4bdcfb5ce6da?hl=en-GB&entry=ttu&g_ep=EgoyMDI2MDkwOS4wIKXMDSoASAFQAw%3D%3D"
============================================================
    at runPostAuthentication (C:\Lapi\Study\Web\automation-dashboard\.next\dev\server\chunks\[root-of-the-server]__0-jzpkk._.js?id=[project]\src\lib\automation\post-authentication.ts+[app-route]+(ecmascript):18:20)
    at runWorkflow (C:\Lapi\Study\Web\automation-dashboard\.next\dev\server\chunks\[root-of-the-server]__0-jzpkk._.js?id=[project]\src\lib\automation\workflow.ts+[app-route]+(ecmascript):91:193)
    at async runAutomationJob (C:\Lapi\Study\Web\automation-dashboard\.next\dev\server\chunks\[root-of-the-server]__0-jzpkk._.js?id=[project]\src\lib\automation\worker.ts+[app-route]+(ecmascript):27:20)
    at async eval (C:\Lapi\Study\Web\automation-dashboard\.next\dev\server\chunks\[root-of-the-server]__0xdqu-g._.js?id=[project]\src\lib\automation\batch-runner.ts+[app-route]+(ecmascript):60:30)
    at async runBatch (C:\Lapi\Study\Web\automation-dashboard\.next\dev\server\chunks\[root-of-the-server]__0xdqu-g._.js?id=[project]\src\lib\automation\batch-runner.ts+[app-route]+(ecmascript):46:9)
    at async runAutomation (C:\Lapi\Study\Web\automation-dashboard\.next\dev\server\chunks\[root-of-the-server]__0xdqu-g._.js:181:45)
[2026-09-12T02:57:44.873Z] f22-bscs-1010@uo.edu.pk: page.waitForURL: Timeout 30000ms exceeded.
=========================== logs ===========================
waiting for navigation to "**/myaccount.google.com/**" until "load"
  navigated to "https://www.google.com/maps/reviews/data=!4m8!14m7!1m6!2m5!1sCi9DQUlRQUNvZENodHljRjlvT25jeWQwNUdVRmRzVkZWdFpFdDNWVzFYYW00eFgxRRAB!2m1!1s0x0:0x4b8e4bdcfb5ce6da!3m1!1s2@1:CAIQACodChtycF9oOncyd05GUFdsVFVtZEt3VW1Xam4xX1E%7C%7C?hl=en-GB&source=sh/x/kp/local/m1/0&kgs=f23fdd886c7fd2ef&utm_source=sh/x/kp/local/m1/0"
  navigated to "https://www.google.com/maps/reviews/@38.6525964,-90.2825402,17z/data=!3m1!4b1!4m6!14m5!1m4!2m3!1sCi9DQUlRQUNvZENodHljRjlvT25jeWQwNUdVRmRzVkZWdFpFdDNWVzFYYW00eFgxRRAB!2m1!1s0x0:0x4b8e4bdcfb5ce6da?hl=en-GB&entry=ttu&g_ep=EgoyMDI2MDkwOS4wIKXMDSoASAFQAw%3D%3D"
  navigated to "https://www.google.com/maps/reviews/@38.6525964,-90.2825402,17z/data=!3m1!4b1!4m6!14m5!1m4!2m3!1sCi9DQUlRQUNvZENodHljRjlvT25jeWQwNUdVRmRzVkZWdFpFdDNWVzFYYW00eFgxRRAB!2m1!1s0x0:0x4b8e4bdcfb5ce6da?hl=en-GB&entry=ttu&g_ep=EgoyMDI2MDkwOS4wIKXMDSoASAFQAw%3D%3D"
============================================================
page.waitForURL: Timeout 30000ms exceeded.
=========================== logs ===========================
waiting for navigation to "**/myaccount.google.com/**" until "load"
  navigated to "https://www.google.com/maps/reviews/data=!4m8!14m7!1m6!2m5!1sCi9DQUlRQUNvZENodHljRjlvT25jeWQwNUdVRmRzVkZWdFpFdDNWVzFYYW00eFgxRRAB!2m1!1s0x0:0x4b8e4bdcfb5ce6da!3m1!1s2@1:CAIQACodChtycF9oOncyd05GUFdsVFVtZEt3VW1Xam4xX1E%7C%7C?hl=en-GB&source=sh/x/kp/local/m1/0&kgs=f23fdd886c7fd2ef&utm_source=sh/x/kp/local/m1/0"
  navigated to "https://www.google.com/maps/reviews/@38.6525964,-90.2825402,17z/data=!3m1!4b1!4m6!14m5!1m4!2m3!1sCi9DQUlRQUNvZENodHljRjlvT25jeWQwNUdVRmRzVkZWdFpFdDNWVzFYYW00eFgxRRAB!2m1!1s0x0:0x4b8e4bdcfb5ce6da?hl=en-GB&entry=ttu&g_ep=EgoyMDI2MDkwOS4wIKXMDSoASAFQAw%3D%3D"
  navigated to "https://www.google.com/maps/reviews/@38.6525964,-90.2825402,17z/data=!3m1!4b1!4m6!14m5!1m4!2m3!1sCi9DQUlRQUNvZENodHljRjlvT25jeWQwNUdVRmRzVkZWdFpFdDNWVzFYYW00eFgxRRAB!2m1!1s0x0:0x4b8e4bdcfb5ce6da?hl=en-GB&entry=ttu&g_ep=EgoyMDI2MDkwOS4wIKXMDSoASAFQAw%3D%3D"
============================================================
    at runPostAuthentication (C:\Lapi\Study\Web\automation-dashboard\.next\dev\server\chunks\[root-of-the-server]__0-jzpkk._.js?id=[project]\src\lib\automation\post-authentication.ts+[app-route]+(ecmascript):18:20)
    at runWorkflow (C:\Lapi\Study\Web\automation-dashboard\.next\dev\server\chunks\[root-of-the-server]__0-jzpkk._.js?id=[project]\src\lib\automation\workflow.ts+[app-route]+(ecmascript):91:193)
    at async runAutomationJob (C:\Lapi\Study\Web\automation-dashboard\.next\dev\server\chunks\[root-of-the-server]__0-jzpkk._.js?id=[project]\src\lib\automation\worker.ts+[app-route]+(ecmascript):27:20)
    at async eval (C:\Lapi\Study\Web\automation-dashboard\.next\dev\server\chunks\[root-of-the-server]__0xdqu-g._.js?id=[project]\src\lib\automation\batch-runner.ts+[app-route]+(ecmascript):60:30)
    at async runBatch (C:\Lapi\Study\Web\automation-dashboard\.next\dev\server\chunks\[root-of-the-server]__0xdqu-g._.js?id=[project]\src\lib\automation\batch-runner.ts+[app-route]+(ecmascript):46:9)
    at async runAutomation (C:\Lapi\Study\Web\automation-dashboard\.next\dev\server\chunks\[root-of-the-server]__0xdqu-g._.js:181:45)
[2026-09-12T02:57:53.095Z] f22-bscs-1010@uo.edu.pk: page.screenshot: Target page, context or browser has been closed
page.screenshot: Target page, context or browser has been closed
    at runPostAuthentication (C:\Lapi\Study\Web\automation-dashboard\.next\dev\server\chunks\[root-of-the-server]__0-jzpkk._.js?id=[project]\src\lib\automation\post-authentication.ts+[app-route]+(ecmascript):47:20)
    at async runWorkflow (C:\Lapi\Study\Web\automation-dashboard\.next\dev\server\chunks\[root-of-the-server]__0-jzpkk._.js?id=[project]\src\lib\automation\workflow.ts+[app-route]+(ecmascript):91:9)
    at async runAutomationJob (C:\Lapi\Study\Web\automation-dashboard\.next\dev\server\chunks\[root-of-the-server]__0-jzpkk._.js?id=[project]\src\lib\automation\worker.ts+[app-route]+(ecmascript):27:20)
    at async eval (C:\Lapi\Study\Web\automation-dashboard\.next\dev\server\chunks\[root-of-the-server]__0xdqu-g._.js?id=[project]\src\lib\automation\batch-runner.ts+[app-route]+(ecmascript):60:30)
    at async runBatch (C:\Lapi\Study\Web\automation-dashboard\.next\dev\server\chunks\[root-of-the-server]__0xdqu-g._.js?id=[project]\src\lib\automation\batch-runner.ts+[app-route]+(ecmascript):46:9)
    at async runAutomation (C:\Lapi\Study\Web\automation-dashboard\.next\dev\server\chunks\[root-of-the-server]__0xdqu-g._.js:181:45)
[2026-09-12T03:05:01.882Z] f22-bscs-1010@uo.edu.pk: page.goto: net::ERR_NAME_NOT_RESOLVED at https://share.google.com/YOUR_LINK_HERE
Call log:
[2m  - navigating to "https://share.google.com/YOUR_LINK_HERE", waiting until "domcontentloaded"[22m

page.goto: net::ERR_NAME_NOT_RESOLVED at https://share.google.com/YOUR_LINK_HERE
Call log:
[2m  - navigating to "https://share.google.com/YOUR_LINK_HERE", waiting until "domcontentloaded"[22m

    at runPostAuthentication (C:\Lapi\Study\Web\automation-dashboard\.next\dev\server\chunks\[root-of-the-server]__0-jzpkk._.js?id=[project]\src\lib\automation\post-authentication.ts+[app-route]+(ecmascript):31:20)
    at async runWorkflow (C:\Lapi\Study\Web\automation-dashboard\.next\dev\server\chunks\[root-of-the-server]__0xdqu-g._.js:1066:9)
    at async runAutomationJob (C:\Lapi\Study\Web\automation-dashboard\.next\dev\server\chunks\[root-of-the-server]__0xdqu-g._.js:947:20)
    at async C:\Lapi\Study\Web\automation-dashboard\.next\dev\server\chunks\[root-of-the-server]__0xdqu-g._.js:457:30
    at async runBatch (C:\Lapi\Study\Web\automation-dashboard\.next\dev\server\chunks\[root-of-the-server]__0xdqu-g._.js:443:9)
    at async runAutomation (C:\Lapi\Study\Web\automation-dashboard\.next\dev\server\chunks\[root-of-the-server]__0xdqu-g._.js:181:45)
[2026-09-12T03:05:07.415Z] f22-bscs-1010@uo.edu.pk: page.goto: net::ERR_NAME_NOT_RESOLVED at https://share.google.com/YOUR_LINK_HERE
Call log:
[2m  - navigating to "https://share.google.com/YOUR_LINK_HERE", waiting until "domcontentloaded"[22m

page.goto: net::ERR_NAME_NOT_RESOLVED at https://share.google.com/YOUR_LINK_HERE
Call log:
[2m  - navigating to "https://share.google.com/YOUR_LINK_HERE", waiting until "domcontentloaded"[22m

    at runPostAuthentication (C:\Lapi\Study\Web\automation-dashboard\.next\dev\server\chunks\[root-of-the-server]__0-jzpkk._.js?id=[project]\src\lib\automation\post-authentication.ts+[app-route]+(ecmascript):31:20)
    at async runWorkflow (C:\Lapi\Study\Web\automation-dashboard\.next\dev\server\chunks\[root-of-the-server]__0xdqu-g._.js:1066:9)
    at async runAutomationJob (C:\Lapi\Study\Web\automation-dashboard\.next\dev\server\chunks\[root-of-the-server]__0xdqu-g._.js:947:20)
    at async C:\Lapi\Study\Web\automation-dashboard\.next\dev\server\chunks\[root-of-the-server]__0xdqu-g._.js:457:30
    at async runBatch (C:\Lapi\Study\Web\automation-dashboard\.next\dev\server\chunks\[root-of-the-server]__0xdqu-g._.js:443:9)
    at async runAutomation (C:\Lapi\Study\Web\automation-dashboard\.next\dev\server\chunks\[root-of-the-server]__0xdqu-g._.js:181:45)
[2026-09-12T03:05:13.759Z] f22-bscs-1010@uo.edu.pk: page.goto: net::ERR_NAME_NOT_RESOLVED at https://share.google.com/YOUR_LINK_HERE
Call log:
[2m  - navigating to "https://share.google.com/YOUR_LINK_HERE", waiting until "domcontentloaded"[22m

page.goto: net::ERR_NAME_NOT_RESOLVED at https://share.google.com/YOUR_LINK_HERE
Call log:
[2m  - navigating to "https://share.google.com/YOUR_LINK_HERE", waiting until "domcontentloaded"[22m

    at runPostAuthentication (C:\Lapi\Study\Web\automation-dashboard\.next\dev\server\chunks\[root-of-the-server]__0-jzpkk._.js?id=[project]\src\lib\automation\post-authentication.ts+[app-route]+(ecmascript):31:20)
    at async runWorkflow (C:\Lapi\Study\Web\automation-dashboard\.next\dev\server\chunks\[root-of-the-server]__0xdqu-g._.js:1066:9)
    at async runAutomationJob (C:\Lapi\Study\Web\automation-dashboard\.next\dev\server\chunks\[root-of-the-server]__0xdqu-g._.js:947:20)
    at async C:\Lapi\Study\Web\automation-dashboard\.next\dev\server\chunks\[root-of-the-server]__0xdqu-g._.js:457:30
    at async runBatch (C:\Lapi\Study\Web\automation-dashboard\.next\dev\server\chunks\[root-of-the-server]__0xdqu-g._.js:443:9)
    at async runAutomation (C:\Lapi\Study\Web\automation-dashboard\.next\dev\server\chunks\[root-of-the-server]__0xdqu-g._.js:181:45)
[2026-09-12T03:09:31.209Z] f22-bscs-1010@uo.edu.pk: locator.waitFor: Timeout 15000ms exceeded.
Call log:
[2m  - waiting for locator('[aria-label*="options" i], [aria-label*="Actions" i], [aria-haspopup="menu"]').first() to be visible[22m
[2m    32 × locator resolved to hidden <div id="" tabindex="0" role="button" name="H1umtb" aria-controls="" aria-label="Type" jscontroller="AEXcO" aria-haspopup="menu" aria-expanded="false" jsaction="focusin:S6vrfb; focusout:S6vrfb;click:JIbuQc; keydown:I481le;" class="glX3de frsiVb CNlAe EwXqJf  iXBMtb oisqfd  seURn rkuUBe  Ss7qXc  Ss7qXc">…</div>[22m

locator.waitFor: Timeout 15000ms exceeded.
Call log:
[2m  - waiting for locator('[aria-label*="options" i], [aria-label*="Actions" i], [aria-haspopup="menu"]').first() to be visible[22m
[2m    32 × locator resolved to hidden <div id="" tabindex="0" role="button" name="H1umtb" aria-controls="" aria-label="Type" jscontroller="AEXcO" aria-haspopup="menu" aria-expanded="false" jsaction="focusin:S6vrfb; focusout:S6vrfb;click:JIbuQc; keydown:I481le;" class="glX3de frsiVb CNlAe EwXqJf  iXBMtb oisqfd  seURn rkuUBe  Ss7qXc  Ss7qXc">…</div>[22m

    at runPostAuthentication (C:\Lapi\Study\Web\automation-dashboard\.next\dev\server\chunks\[root-of-the-server]__0-jzpkk._.js?id=[project]\src\lib\automation\post-authentication.ts+[app-route]+(ecmascript):39:28)
    at async runWorkflow (C:\Lapi\Study\Web\automation-dashboard\.next\dev\server\chunks\[root-of-the-server]__0xdqu-g._.js:1066:9)
    at async runAutomationJob (C:\Lapi\Study\Web\automation-dashboard\.next\dev\server\chunks\[root-of-the-server]__0xdqu-g._.js:947:20)
    at async C:\Lapi\Study\Web\automation-dashboard\.next\dev\server\chunks\[root-of-the-server]__0xdqu-g._.js:457:30
    at async runBatch (C:\Lapi\Study\Web\automation-dashboard\.next\dev\server\chunks\[root-of-the-server]__0xdqu-g._.js:443:9)
    at async runAutomation (C:\Lapi\Study\Web\automation-dashboard\.next\dev\server\chunks\[root-of-the-server]__0xdqu-g._.js:181:45)
[2026-09-12T03:09:34.210Z] f22-bscs-1010@uo.edu.pk: page.goto: Target page, context or browser has been closed
Call log:
[2m  - navigating to "https://myaccount.google.com/", waiting until "domcontentloaded"[22m

page.goto: Target page, context or browser has been closed
Call log:
[2m  - navigating to "https://myaccount.google.com/", waiting until "domcontentloaded"[22m

    at runWorkflow (C:\Lapi\Study\Web\automation-dashboard\.next\dev\server\chunks\[root-of-the-server]__0xdqu-g._.js:1005:28)
    at async runAutomationJob (C:\Lapi\Study\Web\automation-dashboard\.next\dev\server\chunks\[root-of-the-server]__0xdqu-g._.js:947:20)
    at async C:\Lapi\Study\Web\automation-dashboard\.next\dev\server\chunks\[root-of-the-server]__0xdqu-g._.js:457:30
    at async runBatch (C:\Lapi\Study\Web\automation-dashboard\.next\dev\server\chunks\[root-of-the-server]__0xdqu-g._.js:443:9)
    at async runAutomation (C:\Lapi\Study\Web\automation-dashboard\.next\dev\server\chunks\[root-of-the-server]__0xdqu-g._.js:181:45)
[2026-09-12T03:09:36.084Z] f22-bscs-1010@uo.edu.pk: page.goto: Target page, context or browser has been closed
Call log:
[2m  - navigating to "https://share.google/nGDUcwrYZ6wG3lRvP", waiting until "domcontentloaded"[22m

page.goto: Target page, context or browser has been closed
Call log:
[2m  - navigating to "https://share.google/nGDUcwrYZ6wG3lRvP", waiting until "domcontentloaded"[22m

    at runWorkflow (C:\Lapi\Study\Web\automation-dashboard\.next\dev\server\chunks\[root-of-the-server]__0xdqu-g._.js:1030:24)
    at async runAutomationJob (C:\Lapi\Study\Web\automation-dashboard\.next\dev\server\chunks\[root-of-the-server]__0xdqu-g._.js:947:20)
    at async C:\Lapi\Study\Web\automation-dashboard\.next\dev\server\chunks\[root-of-the-server]__0xdqu-g._.js:457:30
    at async runBatch (C:\Lapi\Study\Web\automation-dashboard\.next\dev\server\chunks\[root-of-the-server]__0xdqu-g._.js:443:9)
    at async runAutomation (C:\Lapi\Study\Web\automation-dashboard\.next\dev\server\chunks\[root-of-the-server]__0xdqu-g._.js:181:45)
[2026-09-12T03:22:07.818Z] f22-bscs-1010@uo.edu.pk: page.goto: Timeout 30000ms exceeded.
Call log:
[2m  - navigating to "https://share.google/nGDUcwrYZ6wG3lRvP", waiting until "networkidle"[22m

page.goto: Timeout 30000ms exceeded.
Call log:
[2m  - navigating to "https://share.google/nGDUcwrYZ6wG3lRvP", waiting until "networkidle"[22m

    at runPostAuthentication (C:\Lapi\Study\Web\automation-dashboard\.next\dev\server\chunks\[root-of-the-server]__0-jzpkk._.js?id=[project]\src\lib\automation\post-authentication.ts+[app-route]+(ecmascript):17:20)
    at async runWorkflow (C:\Lapi\Study\Web\automation-dashboard\.next\dev\server\chunks\[root-of-the-server]__0-jzpkk._.js?id=[project]\src\lib\automation\workflow.ts+[app-route]+(ecmascript):87:9)
    at async runAutomationJob (C:\Lapi\Study\Web\automation-dashboard\.next\dev\server\chunks\[root-of-the-server]__0xdqu-g._.js:947:20)
    at async C:\Lapi\Study\Web\automation-dashboard\.next\dev\server\chunks\[root-of-the-server]__0xdqu-g._.js:457:30
    at async runBatch (C:\Lapi\Study\Web\automation-dashboard\.next\dev\server\chunks\[root-of-the-server]__0xdqu-g._.js:443:9)
    at async runAutomation (C:\Lapi\Study\Web\automation-dashboard\.next\dev\server\chunks\[root-of-the-server]__0xdqu-g._.js:181:45)
[2026-09-12T03:22:17.522Z] f22-bscs-1010@uo.edu.pk: page.goto: Target page, context or browser has been closed
Call log:
[2m  - navigating to "https://share.google/nGDUcwrYZ6wG3lRvP", waiting until "networkidle"[22m

page.goto: Target page, context or browser has been closed
Call log:
[2m  - navigating to "https://share.google/nGDUcwrYZ6wG3lRvP", waiting until "networkidle"[22m

    at runPostAuthentication (C:\Lapi\Study\Web\automation-dashboard\.next\dev\server\chunks\[root-of-the-server]__0-jzpkk._.js?id=[project]\src\lib\automation\post-authentication.ts+[app-route]+(ecmascript):17:20)
    at async runWorkflow (C:\Lapi\Study\Web\automation-dashboard\.next\dev\server\chunks\[root-of-the-server]__0-jzpkk._.js?id=[project]\src\lib\automation\workflow.ts+[app-route]+(ecmascript):87:9)
    at async runAutomationJob (C:\Lapi\Study\Web\automation-dashboard\.next\dev\server\chunks\[root-of-the-server]__0xdqu-g._.js:947:20)
    at async C:\Lapi\Study\Web\automation-dashboard\.next\dev\server\chunks\[root-of-the-server]__0xdqu-g._.js:457:30
    at async runBatch (C:\Lapi\Study\Web\automation-dashboard\.next\dev\server\chunks\[root-of-the-server]__0xdqu-g._.js:443:9)
    at async runAutomation (C:\Lapi\Study\Web\automation-dashboard\.next\dev\server\chunks\[root-of-the-server]__0xdqu-g._.js:181:45)
[2026-09-12T03:22:19.954Z] f22-bscs-1010@uo.edu.pk: page.goto: Target page, context or browser has been closed
Call log:
[2m  - navigating to "https://share.google/nGDUcwrYZ6wG3lRvP", waiting until "domcontentloaded"[22m

page.goto: Target page, context or browser has been closed
Call log:
[2m  - navigating to "https://share.google/nGDUcwrYZ6wG3lRvP", waiting until "domcontentloaded"[22m

    at runWorkflow (C:\Lapi\Study\Web\automation-dashboard\.next\dev\server\chunks\[root-of-the-server]__0-jzpkk._.js?id=[project]\src\lib\automation\workflow.ts+[app-route]+(ecmascript):50:24)
    at async runAutomationJob (C:\Lapi\Study\Web\automation-dashboard\.next\dev\server\chunks\[root-of-the-server]__0xdqu-g._.js:947:20)
    at async C:\Lapi\Study\Web\automation-dashboard\.next\dev\server\chunks\[root-of-the-server]__0xdqu-g._.js:457:30
    at async runBatch (C:\Lapi\Study\Web\automation-dashboard\.next\dev\server\chunks\[root-of-the-server]__0xdqu-g._.js:443:9)
    at async runAutomation (C:\Lapi\Study\Web\automation-dashboard\.next\dev\server\chunks\[root-of-the-server]__0xdqu-g._.js:181:45)
[2026-09-12T03:25:01.151Z] f22-bscs-1010@uo.edu.pk: locator.waitFor: Timeout 15000ms exceeded.
Call log:
[2m  - waiting for locator('button[aria-label="Actions"], button[aria-label="More actions"]').first() to be visible[22m

locator.waitFor: Timeout 15000ms exceeded.
Call log:
[2m  - waiting for locator('button[aria-label="Actions"], button[aria-label="More actions"]').first() to be visible[22m

    at runPostAuthentication (C:\Lapi\Study\Web\automation-dashboard\.next\dev\server\chunks\[root-of-the-server]__0-jzpkk._.js?id=[project]\src\lib\automation\post-authentication.ts+[app-route]+(ecmascript):24:29)
    at async runWorkflow (C:\Lapi\Study\Web\automation-dashboard\.next\dev\server\chunks\[root-of-the-server]__0-jzpkk._.js?id=[project]\src\lib\automation\workflow.ts+[app-route]+(ecmascript):87:9)
    at async runAutomationJob (C:\Lapi\Study\Web\automation-dashboard\.next\dev\server\chunks\[root-of-the-server]__0xdqu-g._.js:947:20)
    at async C:\Lapi\Study\Web\automation-dashboard\.next\dev\server\chunks\[root-of-the-server]__0xdqu-g._.js:457:30
    at async runBatch (C:\Lapi\Study\Web\automation-dashboard\.next\dev\server\chunks\[root-of-the-server]__0xdqu-g._.js:443:9)
    at async runAutomation (C:\Lapi\Study\Web\automation-dashboard\.next\dev\server\chunks\[root-of-the-server]__0xdqu-g._.js:181:45)
[2026-09-12T03:25:05.169Z] f22-bscs-1010@uo.edu.pk: page.goto: Target page, context or browser has been closed
Call log:
[2m  - navigating to "https://share.google/nGDUcwrYZ6wG3lRvP", waiting until "domcontentloaded"[22m

page.goto: Target page, context or browser has been closed
Call log:
[2m  - navigating to "https://share.google/nGDUcwrYZ6wG3lRvP", waiting until "domcontentloaded"[22m

    at runPostAuthentication (C:\Lapi\Study\Web\automation-dashboard\.next\dev\server\chunks\[root-of-the-server]__0-jzpkk._.js?id=[project]\src\lib\automation\post-authentication.ts+[app-route]+(ecmascript):17:20)
    at async runWorkflow (C:\Lapi\Study\Web\automation-dashboard\.next\dev\server\chunks\[root-of-the-server]__0-jzpkk._.js?id=[project]\src\lib\automation\workflow.ts+[app-route]+(ecmascript):87:9)
    at async runAutomationJob (C:\Lapi\Study\Web\automation-dashboard\.next\dev\server\chunks\[root-of-the-server]__0xdqu-g._.js:947:20)
    at async C:\Lapi\Study\Web\automation-dashboard\.next\dev\server\chunks\[root-of-the-server]__0xdqu-g._.js:457:30
    at async runBatch (C:\Lapi\Study\Web\automation-dashboard\.next\dev\server\chunks\[root-of-the-server]__0xdqu-g._.js:443:9)
    at async runAutomation (C:\Lapi\Study\Web\automation-dashboard\.next\dev\server\chunks\[root-of-the-server]__0xdqu-g._.js:181:45)
[2026-09-12T03:25:06.372Z] f22-bscs-1010@uo.edu.pk: page.goto: Target page, context or browser has been closed
Call log:
[2m  - navigating to "https://share.google/nGDUcwrYZ6wG3lRvP", waiting until "domcontentloaded"[22m

page.goto: Target page, context or browser has been closed
Call log:
[2m  - navigating to "https://share.google/nGDUcwrYZ6wG3lRvP", waiting until "domcontentloaded"[22m

    at runWorkflow (C:\Lapi\Study\Web\automation-dashboard\.next\dev\server\chunks\[root-of-the-server]__0-jzpkk._.js?id=[project]\src\lib\automation\workflow.ts+[app-route]+(ecmascript):50:24)
    at async runAutomationJob (C:\Lapi\Study\Web\automation-dashboard\.next\dev\server\chunks\[root-of-the-server]__0xdqu-g._.js:947:20)
    at async C:\Lapi\Study\Web\automation-dashboard\.next\dev\server\chunks\[root-of-the-server]__0xdqu-g._.js:457:30
    at async runBatch (C:\Lapi\Study\Web\automation-dashboard\.next\dev\server\chunks\[root-of-the-server]__0xdqu-g._.js:443:9)
    at async runAutomation (C:\Lapi\Study\Web\automation-dashboard\.next\dev\server\chunks\[root-of-the-server]__0xdqu-g._.js:181:45)
[2026-09-12T03:28:53.672Z] f22-bscs-1010@uo.edu.pk: locator.click: Timeout 30000ms exceeded.
Call log:
[2m  - waiting for getByRole('menuitem', { name: /report review/i }).or(locator('text="Report review"')).first()[22m
[2m    - locator resolved to <div class="mLuXec">Report review</div>[22m
[2m  - attempting click action[22m
[2m    2 × waiting for element to be visible, enabled and stable[22m
[2m      - element is visible, enabled and stable[22m
[2m      - scrolling into view if needed[22m
[2m      - done scrolling[22m
[2m      - <div vet="24392" tabindex="0" class="fxNQSd" data-index="1" aria-checked="false" role="menuitemradio" ved="1i:2,t:24392,e:1,p:WMWkarLGNcX-7_UPqaLCmQM:11" jsaction="click: actionmenu.select; keydown: actionmenu.keydown">…</div> intercepts pointer events[22m
[2m    - retrying click action[22m
[2m    - waiting 20ms[22m
[2m    2 × waiting for element to be visible, enabled and stable[22m
[2m      - element is visible, enabled and stable[22m
[2m      - scrolling into view if needed[22m
[2m      - done scrolling[22m
[2m      - <div vet="24392" tabindex="0" class="fxNQSd" data-index="1" aria-checked="false" role="menuitemradio" ved="1i:2,t:24392,e:1,p:WMWkarLGNcX-7_UPqaLCmQM:11" jsaction="click: actionmenu.select; keydown: actionmenu.keydown">…</div> intercepts pointer events[22m
[2m    - retrying click action[22m
[2m      - waiting 100ms[22m
[2m    56 × waiting for element to be visible, enabled and stable[22m
[2m       - element is visible, enabled and stable[22m
[2m       - scrolling into view if needed[22m
[2m       - done scrolling[22m
[2m       - <div vet="24392" tabindex="0" class="fxNQSd" data-index="1" aria-checked="false" role="menuitemradio" ved="1i:2,t:24392,e:1,p:WMWkarLGNcX-7_UPqaLCmQM:11" jsaction="click: actionmenu.select; keydown: actionmenu.keydown">…</div> intercepts pointer events[22m
[2m     - retrying click action[22m
[2m       - waiting 500ms[22m

locator.click: Timeout 30000ms exceeded.
Call log:
[2m  - waiting for getByRole('menuitem', { name: /report review/i }).or(locator('text="Report review"')).first()[22m
[2m    - locator resolved to <div class="mLuXec">Report review</div>[22m
[2m  - attempting click action[22m
[2m    2 × waiting for element to be visible, enabled and stable[22m
[2m      - element is visible, enabled and stable[22m
[2m      - scrolling into view if needed[22m
[2m      - done scrolling[22m
[2m      - <div vet="24392" tabindex="0" class="fxNQSd" data-index="1" aria-checked="false" role="menuitemradio" ved="1i:2,t:24392,e:1,p:WMWkarLGNcX-7_UPqaLCmQM:11" jsaction="click: actionmenu.select; keydown: actionmenu.keydown">…</div> intercepts pointer events[22m
[2m    - retrying click action[22m
[2m    - waiting 20ms[22m
[2m    2 × waiting for element to be visible, enabled and stable[22m
[2m      - element is visible, enabled and stable[22m
[2m      - scrolling into view if needed[22m
[2m      - done scrolling[22m
[2m      - <div vet="24392" tabindex="0" class="fxNQSd" data-index="1" aria-checked="false" role="menuitemradio" ved="1i:2,t:24392,e:1,p:WMWkarLGNcX-7_UPqaLCmQM:11" jsaction="click: actionmenu.select; keydown: actionmenu.keydown">…</div> intercepts pointer events[22m
[2m    - retrying click action[22m
[2m      - waiting 100ms[22m
[2m    56 × waiting for element to be visible, enabled and stable[22m
[2m       - element is visible, enabled and stable[22m
[2m       - scrolling into view if needed[22m
[2m       - done scrolling[22m
[2m       - <div vet="24392" tabindex="0" class="fxNQSd" data-index="1" aria-checked="false" role="menuitemradio" ved="1i:2,t:24392,e:1,p:WMWkarLGNcX-7_UPqaLCmQM:11" jsaction="click: actionmenu.select; keydown: actionmenu.keydown">…</div> intercepts pointer events[22m
[2m     - retrying click action[22m
[2m       - waiting 500ms[22m

    at runPostAuthentication (C:\Lapi\Study\Web\automation-dashboard\.next\dev\server\chunks\[root-of-the-server]__0-jzpkk._.js?id=[project]\src\lib\automation\post-authentication.ts+[app-route]+(ecmascript):37:34)
    at async runWorkflow (C:\Lapi\Study\Web\automation-dashboard\.next\dev\server\chunks\[root-of-the-server]__0-jzpkk._.js?id=[project]\src\lib\automation\workflow.ts+[app-route]+(ecmascript):87:9)
    at async runAutomationJob (C:\Lapi\Study\Web\automation-dashboard\.next\dev\server\chunks\[root-of-the-server]__0xdqu-g._.js:947:20)
    at async C:\Lapi\Study\Web\automation-dashboard\.next\dev\server\chunks\[root-of-the-server]__0xdqu-g._.js:457:30
    at async runBatch (C:\Lapi\Study\Web\automation-dashboard\.next\dev\server\chunks\[root-of-the-server]__0xdqu-g._.js:443:9)
    at async runAutomation (C:\Lapi\Study\Web\automation-dashboard\.next\dev\server\chunks\[root-of-the-server]__0xdqu-g._.js:181:45)
[2026-09-12T03:29:11.249Z] f22-bscs-1010@uo.edu.pk: locator.click: Target page, context or browser has been closed
Call log:
[2m  - waiting for getByRole('menuitem', { name: /report review/i }).or(locator('text="Report review"')).first()[22m
[2m    - locator resolved to <div class="mLuXec">Report review</div>[22m
[2m  - attempting click action[22m
[2m    2 × waiting for element to be visible, enabled and stable[22m
[2m      - element is visible, enabled and stable[22m
[2m      - scrolling into view if needed[22m
[2m      - done scrolling[22m
[2m      - <div vet="24392" tabindex="0" class="fxNQSd" data-index="1" aria-checked="false" role="menuitemradio" ved="1i:2,t:24392,e:1,p:fsWkau-XF56ckdUP1pzxiQE:11" jsaction="click: actionmenu.select; keydown: actionmenu.keydown">…</div> intercepts pointer events[22m
[2m    - retrying click action[22m
[2m    - waiting 20ms[22m
[2m    2 × waiting for element to be visible, enabled and stable[22m
[2m      - element is visible, enabled and stable[22m
[2m      - scrolling into view if needed[22m
[2m      - done scrolling[22m
[2m      - <div vet="24392" tabindex="0" class="fxNQSd" data-index="1" aria-checked="false" role="menuitemradio" ved="1i:2,t:24392,e:1,p:fsWkau-XF56ckdUP1pzxiQE:11" jsaction="click: actionmenu.select; keydown: actionmenu.keydown">…</div> intercepts pointer events[22m
[2m    - retrying click action[22m
[2m      - waiting 100ms[22m
[2m    19 × waiting for element to be visible, enabled and stable[22m
[2m       - element is visible, enabled and stable[22m
[2m       - scrolling into view if needed[22m
[2m       - done scrolling[22m
[2m       - <div vet="24392" tabindex="0" class="fxNQSd" data-index="1" aria-checked="false" role="menuitemradio" ved="1i:2,t:24392,e:1,p:fsWkau-XF56ckdUP1pzxiQE:11" jsaction="click: actionmenu.select; keydown: actionmenu.keydown">…</div> intercepts pointer events[22m
[2m     - retrying click action[22m
[2m       - waiting 500ms[22m

locator.click: Target page, context or browser has been closed
Call log:
[2m  - waiting for getByRole('menuitem', { name: /report review/i }).or(locator('text="Report review"')).first()[22m
[2m    - locator resolved to <div class="mLuXec">Report review</div>[22m
[2m  - attempting click action[22m
[2m    2 × waiting for element to be visible, enabled and stable[22m
[2m      - element is visible, enabled and stable[22m
[2m      - scrolling into view if needed[22m
[2m      - done scrolling[22m
[2m      - <div vet="24392" tabindex="0" class="fxNQSd" data-index="1" aria-checked="false" role="menuitemradio" ved="1i:2,t:24392,e:1,p:fsWkau-XF56ckdUP1pzxiQE:11" jsaction="click: actionmenu.select; keydown: actionmenu.keydown">…</div> intercepts pointer events[22m
[2m    - retrying click action[22m
[2m    - waiting 20ms[22m
[2m    2 × waiting for element to be visible, enabled and stable[22m
[2m      - element is visible, enabled and stable[22m
[2m      - scrolling into view if needed[22m
[2m      - done scrolling[22m
[2m      - <div vet="24392" tabindex="0" class="fxNQSd" data-index="1" aria-checked="false" role="menuitemradio" ved="1i:2,t:24392,e:1,p:fsWkau-XF56ckdUP1pzxiQE:11" jsaction="click: actionmenu.select; keydown: actionmenu.keydown">…</div> intercepts pointer events[22m
[2m    - retrying click action[22m
[2m      - waiting 100ms[22m
[2m    19 × waiting for element to be visible, enabled and stable[22m
[2m       - element is visible, enabled and stable[22m
[2m       - scrolling into view if needed[22m
[2m       - done scrolling[22m
[2m       - <div vet="24392" tabindex="0" class="fxNQSd" data-index="1" aria-checked="false" role="menuitemradio" ved="1i:2,t:24392,e:1,p:fsWkau-XF56ckdUP1pzxiQE:11" jsaction="click: actionmenu.select; keydown: actionmenu.keydown">…</div> intercepts pointer events[22m
[2m     - retrying click action[22m
[2m       - waiting 500ms[22m

    at runPostAuthentication (C:\Lapi\Study\Web\automation-dashboard\.next\dev\server\chunks\[root-of-the-server]__0-jzpkk._.js?id=[project]\src\lib\automation\post-authentication.ts+[app-route]+(ecmascript):37:34)
    at async runWorkflow (C:\Lapi\Study\Web\automation-dashboard\.next\dev\server\chunks\[root-of-the-server]__0-jzpkk._.js?id=[project]\src\lib\automation\workflow.ts+[app-route]+(ecmascript):87:9)
    at async runAutomationJob (C:\Lapi\Study\Web\automation-dashboard\.next\dev\server\chunks\[root-of-the-server]__0xdqu-g._.js:947:20)
    at async C:\Lapi\Study\Web\automation-dashboard\.next\dev\server\chunks\[root-of-the-server]__0xdqu-g._.js:457:30
    at async runBatch (C:\Lapi\Study\Web\automation-dashboard\.next\dev\server\chunks\[root-of-the-server]__0xdqu-g._.js:443:9)
    at async runAutomation (C:\Lapi\Study\Web\automation-dashboard\.next\dev\server\chunks\[root-of-the-server]__0xdqu-g._.js:181:45)
[2026-09-12T03:29:12.533Z] f22-bscs-1010@uo.edu.pk: page.goto: Target page, context or browser has been closed
Call log:
[2m  - navigating to "https://share.google/nGDUcwrYZ6wG3lRvP", waiting until "domcontentloaded"[22m

page.goto: Target page, context or browser has been closed
Call log:
[2m  - navigating to "https://share.google/nGDUcwrYZ6wG3lRvP", waiting until "domcontentloaded"[22m

    at runWorkflow (C:\Lapi\Study\Web\automation-dashboard\.next\dev\server\chunks\[root-of-the-server]__0-jzpkk._.js?id=[project]\src\lib\automation\workflow.ts+[app-route]+(ecmascript):50:24)
    at async runAutomationJob (C:\Lapi\Study\Web\automation-dashboard\.next\dev\server\chunks\[root-of-the-server]__0xdqu-g._.js:947:20)
    at async C:\Lapi\Study\Web\automation-dashboard\.next\dev\server\chunks\[root-of-the-server]__0xdqu-g._.js:457:30
    at async runBatch (C:\Lapi\Study\Web\automation-dashboard\.next\dev\server\chunks\[root-of-the-server]__0xdqu-g._.js:443:9)
    at async runAutomation (C:\Lapi\Study\Web\automation-dashboard\.next\dev\server\chunks\[root-of-the-server]__0xdqu-g._.js:181:45)
[2026-09-12T03:34:24.367Z] f22-bscs-1010@uo.edu.pk: locator.waitFor: Timeout 15000ms exceeded.
Call log:
[2m  - waiting for getByRole('radio').first() to be visible[22m

locator.waitFor: Timeout 15000ms exceeded.
Call log:
[2m  - waiting for getByRole('radio').first() to be visible[22m

    at runPostAuthentication (C:\Lapi\Study\Web\automation-dashboard\.next\dev\server\chunks\[root-of-the-server]__0-jzpkk._.js?id=[project]\src\lib\automation\post-authentication.ts+[app-route]+(ecmascript):43:34)
    at async runWorkflow (C:\Lapi\Study\Web\automation-dashboard\.next\dev\server\chunks\[root-of-the-server]__0-jzpkk._.js?id=[project]\src\lib\automation\workflow.ts+[app-route]+(ecmascript):87:9)
    at async runAutomationJob (C:\Lapi\Study\Web\automation-dashboard\.next\dev\server\chunks\[root-of-the-server]__0xdqu-g._.js:947:20)
    at async C:\Lapi\Study\Web\automation-dashboard\.next\dev\server\chunks\[root-of-the-server]__0xdqu-g._.js:457:30
    at async runBatch (C:\Lapi\Study\Web\automation-dashboard\.next\dev\server\chunks\[root-of-the-server]__0xdqu-g._.js:443:9)
    at async runAutomation (C:\Lapi\Study\Web\automation-dashboard\.next\dev\server\chunks\[root-of-the-server]__0xdqu-g._.js:181:45)
[2026-09-12T03:34:28.708Z] f22-bscs-1010@uo.edu.pk: page.goto: net::ERR_ABORTED at https://share.google/nGDUcwrYZ6wG3lRvP
Call log:
[2m  - navigating to "https://share.google/nGDUcwrYZ6wG3lRvP", waiting until "domcontentloaded"[22m

page.goto: net::ERR_ABORTED at https://share.google/nGDUcwrYZ6wG3lRvP
Call log:
[2m  - navigating to "https://share.google/nGDUcwrYZ6wG3lRvP", waiting until "domcontentloaded"[22m

    at runPostAuthentication (C:\Lapi\Study\Web\automation-dashboard\.next\dev\server\chunks\[root-of-the-server]__0-jzpkk._.js?id=[project]\src\lib\automation\post-authentication.ts+[app-route]+(ecmascript):17:20)
    at async runWorkflow (C:\Lapi\Study\Web\automation-dashboard\.next\dev\server\chunks\[root-of-the-server]__0-jzpkk._.js?id=[project]\src\lib\automation\workflow.ts+[app-route]+(ecmascript):87:9)
    at async runAutomationJob (C:\Lapi\Study\Web\automation-dashboard\.next\dev\server\chunks\[root-of-the-server]__0xdqu-g._.js:947:20)
    at async C:\Lapi\Study\Web\automation-dashboard\.next\dev\server\chunks\[root-of-the-server]__0xdqu-g._.js:457:30
    at async runBatch (C:\Lapi\Study\Web\automation-dashboard\.next\dev\server\chunks\[root-of-the-server]__0xdqu-g._.js:443:9)
    at async runAutomation (C:\Lapi\Study\Web\automation-dashboard\.next\dev\server\chunks\[root-of-the-server]__0xdqu-g._.js:181:45)
[2026-09-12T03:34:30.280Z] f22-bscs-1010@uo.edu.pk: page.goto: Target page, context or browser has been closed
Call log:
[2m  - navigating to "https://share.google/nGDUcwrYZ6wG3lRvP", waiting until "domcontentloaded"[22m

page.goto: Target page, context or browser has been closed
Call log:
[2m  - navigating to "https://share.google/nGDUcwrYZ6wG3lRvP", waiting until "domcontentloaded"[22m

    at runWorkflow (C:\Lapi\Study\Web\automation-dashboard\.next\dev\server\chunks\[root-of-the-server]__0-jzpkk._.js?id=[project]\src\lib\automation\workflow.ts+[app-route]+(ecmascript):50:24)
    at async runAutomationJob (C:\Lapi\Study\Web\automation-dashboard\.next\dev\server\chunks\[root-of-the-server]__0xdqu-g._.js:947:20)
    at async C:\Lapi\Study\Web\automation-dashboard\.next\dev\server\chunks\[root-of-the-server]__0xdqu-g._.js:457:30
    at async runBatch (C:\Lapi\Study\Web\automation-dashboard\.next\dev\server\chunks\[root-of-the-server]__0xdqu-g._.js:443:9)
    at async runAutomation (C:\Lapi\Study\Web\automation-dashboard\.next\dev\server\chunks\[root-of-the-server]__0xdqu-g._.js:181:45)
[2026-09-12T06:41:14.655Z] f22-bscs-1010@uo.edu.pk: locator.waitFor: Timeout 15000ms exceeded.
Call log:
[2m  - waiting for getByRole('radio').first() to be visible[22m

locator.waitFor: Timeout 15000ms exceeded.
Call log:
[2m  - waiting for getByRole('radio').first() to be visible[22m

    at runPostAuthentication (C:\Lapi\Study\Web\automation-dashboard\.next\dev\server\chunks\[root-of-the-server]__0xdqu-g._.js:714:34)
    at async runWorkflow (C:\Lapi\Study\Web\automation-dashboard\.next\dev\server\chunks\[root-of-the-server]__0xdqu-g._.js:1076:9)
    at async runAutomationJob (C:\Lapi\Study\Web\automation-dashboard\.next\dev\server\chunks\[root-of-the-server]__0xdqu-g._.js:956:20)
    at async C:\Lapi\Study\Web\automation-dashboard\.next\dev\server\chunks\[root-of-the-server]__0xdqu-g._.js:457:30
    at async runBatch (C:\Lapi\Study\Web\automation-dashboard\.next\dev\server\chunks\[root-of-the-server]__0xdqu-g._.js:443:9)
    at async runAutomation (C:\Lapi\Study\Web\automation-dashboard\.next\dev\server\chunks\[root-of-the-server]__0xdqu-g._.js:181:45)
[2026-09-12T06:41:21.862Z] f22-bscs-1010@uo.edu.pk: page.goto: Target page, context or browser has been closed
Call log:
[2m  - navigating to "https://share.google/nGDUcwrYZ6wG3lRvP", waiting until "domcontentloaded"[22m

page.goto: Target page, context or browser has been closed
Call log:
[2m  - navigating to "https://share.google/nGDUcwrYZ6wG3lRvP", waiting until "domcontentloaded"[22m

    at runPostAuthentication (C:\Lapi\Study\Web\automation-dashboard\.next\dev\server\chunks\[root-of-the-server]__0xdqu-g._.js:688:20)
    at async runWorkflow (C:\Lapi\Study\Web\automation-dashboard\.next\dev\server\chunks\[root-of-the-server]__0xdqu-g._.js:1076:9)
    at async runAutomationJob (C:\Lapi\Study\Web\automation-dashboard\.next\dev\server\chunks\[root-of-the-server]__0xdqu-g._.js:956:20)
    at async C:\Lapi\Study\Web\automation-dashboard\.next\dev\server\chunks\[root-of-the-server]__0xdqu-g._.js:457:30
    at async runBatch (C:\Lapi\Study\Web\automation-dashboard\.next\dev\server\chunks\[root-of-the-server]__0xdqu-g._.js:443:9)
    at async runAutomation (C:\Lapi\Study\Web\automation-dashboard\.next\dev\server\chunks\[root-of-the-server]__0xdqu-g._.js:181:45)
[2026-09-12T06:41:23.314Z] f22-bscs-1010@uo.edu.pk: page.goto: Target page, context or browser has been closed
Call log:
[2m  - navigating to "https://share.google/nGDUcwrYZ6wG3lRvP", waiting until "domcontentloaded"[22m

page.goto: Target page, context or browser has been closed
Call log:
[2m  - navigating to "https://share.google/nGDUcwrYZ6wG3lRvP", waiting until "domcontentloaded"[22m

    at runWorkflow (C:\Lapi\Study\Web\automation-dashboard\.next\dev\server\chunks\[root-of-the-server]__0xdqu-g._.js:1039:24)
    at async runAutomationJob (C:\Lapi\Study\Web\automation-dashboard\.next\dev\server\chunks\[root-of-the-server]__0xdqu-g._.js:956:20)
    at async C:\Lapi\Study\Web\automation-dashboard\.next\dev\server\chunks\[root-of-the-server]__0xdqu-g._.js:457:30
    at async runBatch (C:\Lapi\Study\Web\automation-dashboard\.next\dev\server\chunks\[root-of-the-server]__0xdqu-g._.js:443:9)
    at async runAutomation (C:\Lapi\Study\Web\automation-dashboard\.next\dev\server\chunks\[root-of-the-server]__0xdqu-g._.js:181:45)
[2026-09-12T06:43:56.316Z] f22-bscs-1010@uo.edu.pk: locator.waitFor: Timeout 20000ms exceeded.
Call log:
[2m  - waiting for getByText('Bullying or harassment', { exact: true }).first() to be visible[22m

locator.waitFor: Timeout 20000ms exceeded.
Call log:
[2m  - waiting for getByText('Bullying or harassment', { exact: true }).first() to be visible[22m

    at runPostAuthentication (C:\Lapi\Study\Web\automation-dashboard\.next\dev\server\chunks\[root-of-the-server]__0-jzpkk._.js?id=[project]\src\lib\automation\post-authentication.ts+[app-route]+(ecmascript):45:30)
    at async runWorkflow (C:\Lapi\Study\Web\automation-dashboard\.next\dev\server\chunks\[root-of-the-server]__0xdqu-g._.js:1076:9)
    at async runAutomationJob (C:\Lapi\Study\Web\automation-dashboard\.next\dev\server\chunks\[root-of-the-server]__0xdqu-g._.js:956:20)
    at async C:\Lapi\Study\Web\automation-dashboard\.next\dev\server\chunks\[root-of-the-server]__0xdqu-g._.js:457:30
    at async runBatch (C:\Lapi\Study\Web\automation-dashboard\.next\dev\server\chunks\[root-of-the-server]__0xdqu-g._.js:443:9)
    at async runAutomation (C:\Lapi\Study\Web\automation-dashboard\.next\dev\server\chunks\[root-of-the-server]__0xdqu-g._.js:181:45)
[2026-09-12T06:44:01.997Z] f22-bscs-1010@uo.edu.pk: page.goto: net::ERR_ABORTED at https://share.google/nGDUcwrYZ6wG3lRvP
Call log:
[2m  - navigating to "https://share.google/nGDUcwrYZ6wG3lRvP", waiting until "domcontentloaded"[22m

page.goto: net::ERR_ABORTED at https://share.google/nGDUcwrYZ6wG3lRvP
Call log:
[2m  - navigating to "https://share.google/nGDUcwrYZ6wG3lRvP", waiting until "domcontentloaded"[22m

    at runPostAuthentication (C:\Lapi\Study\Web\automation-dashboard\.next\dev\server\chunks\[root-of-the-server]__0-jzpkk._.js?id=[project]\src\lib\automation\post-authentication.ts+[app-route]+(ecmascript):17:20)
    at async runWorkflow (C:\Lapi\Study\Web\automation-dashboard\.next\dev\server\chunks\[root-of-the-server]__0xdqu-g._.js:1076:9)
    at async runAutomationJob (C:\Lapi\Study\Web\automation-dashboard\.next\dev\server\chunks\[root-of-the-server]__0xdqu-g._.js:956:20)
    at async C:\Lapi\Study\Web\automation-dashboard\.next\dev\server\chunks\[root-of-the-server]__0xdqu-g._.js:457:30
    at async runBatch (C:\Lapi\Study\Web\automation-dashboard\.next\dev\server\chunks\[root-of-the-server]__0xdqu-g._.js:443:9)
    at async runAutomation (C:\Lapi\Study\Web\automation-dashboard\.next\dev\server\chunks\[root-of-the-server]__0xdqu-g._.js:181:45)
[2026-09-12T06:44:03.491Z] f22-bscs-1010@uo.edu.pk: page.goto: Target page, context or browser has been closed
Call log:
[2m  - navigating to "https://share.google/nGDUcwrYZ6wG3lRvP", waiting until "domcontentloaded"[22m

page.goto: Target page, context or browser has been closed
Call log:
[2m  - navigating to "https://share.google/nGDUcwrYZ6wG3lRvP", waiting until "domcontentloaded"[22m

    at runWorkflow (C:\Lapi\Study\Web\automation-dashboard\.next\dev\server\chunks\[root-of-the-server]__0xdqu-g._.js:1039:24)
    at async runAutomationJob (C:\Lapi\Study\Web\automation-dashboard\.next\dev\server\chunks\[root-of-the-server]__0xdqu-g._.js:956:20)
    at async C:\Lapi\Study\Web\automation-dashboard\.next\dev\server\chunks\[root-of-the-server]__0xdqu-g._.js:457:30
    at async runBatch (C:\Lapi\Study\Web\automation-dashboard\.next\dev\server\chunks\[root-of-the-server]__0xdqu-g._.js:443:9)
    at async runAutomation (C:\Lapi\Study\Web\automation-dashboard\.next\dev\server\chunks\[root-of-the-server]__0xdqu-g._.js:181:45)
[2026-09-12T06:47:10.386Z] f22-bscs-1010@uo.edu.pk: locator.waitFor: Timeout 20000ms exceeded.
Call log:
[2m  - waiting for getByText(/Bullying or harassment/i).first() to be visible[22m

locator.waitFor: Timeout 20000ms exceeded.
Call log:
[2m  - waiting for getByText(/Bullying or harassment/i).first() to be visible[22m

    at runPostAuthentication (C:\Lapi\Study\Web\automation-dashboard\.next\dev\server\chunks\[root-of-the-server]__0-jzpkk._.js?id=[project]\src\lib\automation\post-authentication.ts+[app-route]+(ecmascript):43:30)
    at async runWorkflow (C:\Lapi\Study\Web\automation-dashboard\.next\dev\server\chunks\[root-of-the-server]__0xdqu-g._.js:1076:9)
    at async runAutomationJob (C:\Lapi\Study\Web\automation-dashboard\.next\dev\server\chunks\[root-of-the-server]__0xdqu-g._.js:956:20)
    at async C:\Lapi\Study\Web\automation-dashboard\.next\dev\server\chunks\[root-of-the-server]__0xdqu-g._.js:457:30
    at async runBatch (C:\Lapi\Study\Web\automation-dashboard\.next\dev\server\chunks\[root-of-the-server]__0xdqu-g._.js:443:9)
    at async runAutomation (C:\Lapi\Study\Web\automation-dashboard\.next\dev\server\chunks\[root-of-the-server]__0xdqu-g._.js:181:45)
[2026-09-12T06:47:12.996Z] f22-bscs-1010@uo.edu.pk: page.goto: Target page, context or browser has been closed
Call log:
[2m  - navigating to "https://share.google/nGDUcwrYZ6wG3lRvP", waiting until "domcontentloaded"[22m

page.goto: Target page, context or browser has been closed
Call log:
[2m  - navigating to "https://share.google/nGDUcwrYZ6wG3lRvP", waiting until "domcontentloaded"[22m

    at runWorkflow (C:\Lapi\Study\Web\automation-dashboard\.next\dev\server\chunks\[root-of-the-server]__0xdqu-g._.js:1039:24)
    at async runAutomationJob (C:\Lapi\Study\Web\automation-dashboard\.next\dev\server\chunks\[root-of-the-server]__0xdqu-g._.js:956:20)
    at async C:\Lapi\Study\Web\automation-dashboard\.next\dev\server\chunks\[root-of-the-server]__0xdqu-g._.js:457:30
    at async runBatch (C:\Lapi\Study\Web\automation-dashboard\.next\dev\server\chunks\[root-of-the-server]__0xdqu-g._.js:443:9)
    at async runAutomation (C:\Lapi\Study\Web\automation-dashboard\.next\dev\server\chunks\[root-of-the-server]__0xdqu-g._.js:181:45)
[2026-09-12T06:47:14.493Z] f22-bscs-1010@uo.edu.pk: page.goto: Target page, context or browser has been closed
Call log:
[2m  - navigating to "https://share.google/nGDUcwrYZ6wG3lRvP", waiting until "domcontentloaded"[22m

page.goto: Target page, context or browser has been closed
Call log:
[2m  - navigating to "https://share.google/nGDUcwrYZ6wG3lRvP", waiting until "domcontentloaded"[22m

    at runWorkflow (C:\Lapi\Study\Web\automation-dashboard\.next\dev\server\chunks\[root-of-the-server]__0xdqu-g._.js:1039:24)
    at async runAutomationJob (C:\Lapi\Study\Web\automation-dashboard\.next\dev\server\chunks\[root-of-the-server]__0xdqu-g._.js:956:20)
    at async C:\Lapi\Study\Web\automation-dashboard\.next\dev\server\chunks\[root-of-the-server]__0xdqu-g._.js:457:30
    at async runBatch (C:\Lapi\Study\Web\automation-dashboard\.next\dev\server\chunks\[root-of-the-server]__0xdqu-g._.js:443:9)
    at async runAutomation (C:\Lapi\Study\Web\automation-dashboard\.next\dev\server\chunks\[root-of-the-server]__0xdqu-g._.js:181:45)
[2026-09-12T06:49:40.769Z] f22-bscs-1010@uo.edu.pk: locator.waitFor: Timeout 20000ms exceeded.
Call log:
[2m  - waiting for locator('text="Bullying"').first() to be visible[22m

locator.waitFor: Timeout 20000ms exceeded.
Call log:
[2m  - waiting for locator('text="Bullying"').first() to be visible[22m

    at runPostAuthentication (C:\Lapi\Study\Web\automation-dashboard\.next\dev\server\chunks\[root-of-the-server]__0-jzpkk._.js?id=[project]\src\lib\automation\post-authentication.ts+[app-route]+(ecmascript):53:30)
    at async runWorkflow (C:\Lapi\Study\Web\automation-dashboard\.next\dev\server\chunks\[root-of-the-server]__0xdqu-g._.js:1076:9)
    at async runAutomationJob (C:\Lapi\Study\Web\automation-dashboard\.next\dev\server\chunks\[root-of-the-server]__0xdqu-g._.js:956:20)
    at async C:\Lapi\Study\Web\automation-dashboard\.next\dev\server\chunks\[root-of-the-server]__0xdqu-g._.js:457:30
    at async runBatch (C:\Lapi\Study\Web\automation-dashboard\.next\dev\server\chunks\[root-of-the-server]__0xdqu-g._.js:443:9)
    at async runAutomation (C:\Lapi\Study\Web\automation-dashboard\.next\dev\server\chunks\[root-of-the-server]__0xdqu-g._.js:181:45)
[2026-09-12T06:49:45.645Z] f22-bscs-1010@uo.edu.pk: page.goto: net::ERR_ABORTED at https://share.google/nGDUcwrYZ6wG3lRvP
Call log:
[2m  - navigating to "https://share.google/nGDUcwrYZ6wG3lRvP", waiting until "domcontentloaded"[22m

page.goto: net::ERR_ABORTED at https://share.google/nGDUcwrYZ6wG3lRvP
Call log:
[2m  - navigating to "https://share.google/nGDUcwrYZ6wG3lRvP", waiting until "domcontentloaded"[22m

    at runPostAuthentication (C:\Lapi\Study\Web\automation-dashboard\.next\dev\server\chunks\[root-of-the-server]__0-jzpkk._.js?id=[project]\src\lib\automation\post-authentication.ts+[app-route]+(ecmascript):17:20)
    at async runWorkflow (C:\Lapi\Study\Web\automation-dashboard\.next\dev\server\chunks\[root-of-the-server]__0xdqu-g._.js:1076:9)
    at async runAutomationJob (C:\Lapi\Study\Web\automation-dashboard\.next\dev\server\chunks\[root-of-the-server]__0xdqu-g._.js:956:20)
    at async C:\Lapi\Study\Web\automation-dashboard\.next\dev\server\chunks\[root-of-the-server]__0xdqu-g._.js:457:30
    at async runBatch (C:\Lapi\Study\Web\automation-dashboard\.next\dev\server\chunks\[root-of-the-server]__0xdqu-g._.js:443:9)
    at async runAutomation (C:\Lapi\Study\Web\automation-dashboard\.next\dev\server\chunks\[root-of-the-server]__0xdqu-g._.js:181:45)
[2026-09-12T06:49:46.728Z] f22-bscs-1010@uo.edu.pk: page.goto: Target page, context or browser has been closed
Call log:
[2m  - navigating to "https://share.google/nGDUcwrYZ6wG3lRvP", waiting until "domcontentloaded"[22m

page.goto: Target page, context or browser has been closed
Call log:
[2m  - navigating to "https://share.google/nGDUcwrYZ6wG3lRvP", waiting until "domcontentloaded"[22m

    at runWorkflow (C:\Lapi\Study\Web\automation-dashboard\.next\dev\server\chunks\[root-of-the-server]__0xdqu-g._.js:1039:24)
    at async runAutomationJob (C:\Lapi\Study\Web\automation-dashboard\.next\dev\server\chunks\[root-of-the-server]__0xdqu-g._.js:956:20)
    at async C:\Lapi\Study\Web\automation-dashboard\.next\dev\server\chunks\[root-of-the-server]__0xdqu-g._.js:457:30
    at async runBatch (C:\Lapi\Study\Web\automation-dashboard\.next\dev\server\chunks\[root-of-the-server]__0xdqu-g._.js:443:9)
    at async runAutomation (C:\Lapi\Study\Web\automation-dashboard\.next\dev\server\chunks\[root-of-the-server]__0xdqu-g._.js:181:45)
[2026-09-12T07:08:42.723Z] f22-bscs-1010@uo.edu.pk: page.goto: Target page, context or browser has been closed
Call log:
[2m  - navigating to "https://share.google/nGDUcwrYZ6wG3lRvP", waiting until "domcontentloaded"[22m

page.goto: Target page, context or browser has been closed
Call log:
[2m  - navigating to "https://share.google/nGDUcwrYZ6wG3lRvP", waiting until "domcontentloaded"[22m

    at runWorkflow (C:\Lapi\Study\Web\automation-dashboard\.next\dev\server\chunks\[root-of-the-server]__0xdqu-g._.js:1051:24)
    at async runAutomationJob (C:\Lapi\Study\Web\automation-dashboard\.next\dev\server\chunks\[root-of-the-server]__0xdqu-g._.js:968:20)
    at async C:\Lapi\Study\Web\automation-dashboard\.next\dev\server\chunks\[root-of-the-server]__0xdqu-g._.js:457:30
    at async runBatch (C:\Lapi\Study\Web\automation-dashboard\.next\dev\server\chunks\[root-of-the-server]__0xdqu-g._.js:443:9)
    at async runAutomation (C:\Lapi\Study\Web\automation-dashboard\.next\dev\server\chunks\[root-of-the-server]__0xdqu-g._.js:181:45)
[2026-09-12T07:08:43.908Z] f22-bscs-1010@uo.edu.pk: page.goto: Target page, context or browser has been closed
Call log:
[2m  - navigating to "https://share.google/nGDUcwrYZ6wG3lRvP", waiting until "domcontentloaded"[22m

page.goto: Target page, context or browser has been closed
Call log:
[2m  - navigating to "https://share.google/nGDUcwrYZ6wG3lRvP", waiting until "domcontentloaded"[22m

    at runWorkflow (C:\Lapi\Study\Web\automation-dashboard\.next\dev\server\chunks\[root-of-the-server]__0xdqu-g._.js:1051:24)
    at async runAutomationJob (C:\Lapi\Study\Web\automation-dashboard\.next\dev\server\chunks\[root-of-the-server]__0xdqu-g._.js:968:20)
    at async C:\Lapi\Study\Web\automation-dashboard\.next\dev\server\chunks\[root-of-the-server]__0xdqu-g._.js:457:30
    at async runBatch (C:\Lapi\Study\Web\automation-dashboard\.next\dev\server\chunks\[root-of-the-server]__0xdqu-g._.js:443:9)
    at async runAutomation (C:\Lapi\Study\Web\automation-dashboard\.next\dev\server\chunks\[root-of-the-server]__0xdqu-g._.js:181:45)
[2026-09-12T07:08:45.132Z] f22-bscs-1010@uo.edu.pk: page.goto: Target page, context or browser has been closed
Call log:
[2m  - navigating to "https://share.google/nGDUcwrYZ6wG3lRvP", waiting until "domcontentloaded"[22m

page.goto: Target page, context or browser has been closed
Call log:
[2m  - navigating to "https://share.google/nGDUcwrYZ6wG3lRvP", waiting until "domcontentloaded"[22m

    at runWorkflow (C:\Lapi\Study\Web\automation-dashboard\.next\dev\server\chunks\[root-of-the-server]__0xdqu-g._.js:1051:24)
    at async runAutomationJob (C:\Lapi\Study\Web\automation-dashboard\.next\dev\server\chunks\[root-of-the-server]__0xdqu-g._.js:968:20)
    at async C:\Lapi\Study\Web\automation-dashboard\.next\dev\server\chunks\[root-of-the-server]__0xdqu-g._.js:457:30
    at async runBatch (C:\Lapi\Study\Web\automation-dashboard\.next\dev\server\chunks\[root-of-the-server]__0xdqu-g._.js:443:9)
    at async runAutomation (C:\Lapi\Study\Web\automation-dashboard\.next\dev\server\chunks\[root-of-the-server]__0xdqu-g._.js:181:45)
[2026-09-12T18:55:59.904Z] f22-bscs-1010@uo.edu.pk: locator.waitFor: Timeout 20000ms exceeded.
Call log:
[2m  - waiting for getByText(/Bullying or harassment/i).or(locator(':text-matches("Bullying", "i")')).first() to be visible[22m

locator.waitFor: Timeout 20000ms exceeded.
Call log:
[2m  - waiting for getByText(/Bullying or harassment/i).or(locator(':text-matches("Bullying", "i")')).first() to be visible[22m

    at runPostAuthentication (C:\Lapi\Study\Web\automation-dashboard\.next\dev\server\chunks\[root-of-the-server]__06c4p6e._.js:686:30)
    at async runWorkflow (C:\Lapi\Study\Web\automation-dashboard\.next\dev\server\chunks\[root-of-the-server]__06c4p6e._.js:1040:9)
    at async runAutomationJob (C:\Lapi\Study\Web\automation-dashboard\.next\dev\server\chunks\[root-of-the-server]__06c4p6e._.js:926:20)
    at async C:\Lapi\Study\Web\automation-dashboard\.next\dev\server\chunks\[root-of-the-server]__06c4p6e._.js:435:26
    at async runBatch (C:\Lapi\Study\Web\automation-dashboard\.next\dev\server\chunks\[root-of-the-server]__06c4p6e._.js:422:5)
    at async runAutomation (C:\Lapi\Study\Web\automation-dashboard\.next\dev\server\chunks\[root-of-the-server]__06c4p6e._.js:181:45)
[2026-09-24T17:26:04.903Z] girlspasnd@gmail.com: page.waitForURL: Target page, context or browser has been closed
=========================== logs ===========================
waiting for navigation until "domcontentloaded"
  navigated to "https://accounts.google.com/v3/signin/challenge/recaptcha?TL=ADG-GRSwbybxMzVangfgJUE9BgcmerpDQ7DPQmGfaEnJJKC41z34md4eDLqOxcur&checkConnection=youtube%3A1668&checkedDomains=youtube&cid=1&continue=https%3A%2F%2Fwww.google.com%2Flocal%2Fcontent%2Frap%2Freport%3FpostId%3DCi9DQUlRQUNvZENodHljRjlvT2xrME9FRXhiSGd0WDBWek5FdFhNMHcyVUVWWVMyYxAB%26t%3D1%26wv%3D1%26d%3D286732320&dsh=S705092929%3A1790270267515423&flowEntry=ServiceLogin&flowName=GlifWebSignIn&followup=https%3A%2F%2Fwww.google.com%2Flocal%2Fcontent%2Frap%2Freport%3FpostId%3DCi9DQUlRQUNvZENodHljRjlvT2xrME9FRXhiSGd0WDBWek5FdFhNMHcyVUVWWVMyYxAB%26t%3D1%26wv%3D1%26d%3D286732320&pstMsg=1"
  navigated to "https://accounts.google.com/v3/signin/challenge/pwd?TL=ADG-GRSwbybxMzVangfgJUE9BgcmerpDQ7DPQmGfaEnJJKC41z34md4eDLqOxcur&checkConnection=youtube%3A1668&checkedDomains=youtube&cid=2&continue=https%3A%2F%2Fwww.google.com%2Flocal%2Fcontent%2Frap%2Freport%3FpostId%3DCi9DQUlRQUNvZENodHljRjlvT2xrME9FRXhiSGd0WDBWek5FdFhNMHcyVUVWWVMyYxAB%26t%3D1%26wv%3D1%26d%3D286732320&dsh=S705092929%3A1790270267515423&flowEntry=ServiceLogin&flowName=GlifWebSignIn&followup=https%3A%2F%2Fwww.google.com%2Flocal%2Fcontent%2Frap%2Freport%3FpostId%3DCi9DQUlRQUNvZENodHljRjlvT2xrME9FRXhiSGd0WDBWek5FdFhNMHcyVUVWWVMyYxAB%26t%3D1%26wv%3D1%26d%3D286732320&pstMsg=1"
  navigated to "https://accounts.google.com/v3/signin/challenge/dp?TL=ADG-GRSwbybxMzVangfgJUE9BgcmerpDQ7DPQmGfaEnJJKC41z34md4eDLqOxcur&checkConnection=youtube%3A1668&checkedDomains=youtube&cid=3&continue=https%3A%2F%2Fwww.google.com%2Flocal%2Fcontent%2Frap%2Freport%3FpostId%3DCi9DQUlRQUNvZENodHljRjlvT2xrME9FRXhiSGd0WDBWek5FdFhNMHcyVUVWWVMyYxAB%26t%3D1%26wv%3D1%26d%3D286732320&dsh=S705092929%3A1790270267515423&flowEntry=ServiceLogin&flowName=GlifWebSignIn&followup=https%3A%2F%2Fwww.google.com%2Flocal%2Fcontent%2Frap%2Freport%3FpostId%3DCi9DQUlRQUNvZENodHljRjlvT2xrME9FRXhiSGd0WDBWek5FdFhNMHcyVUVWWVMyYxAB%26t%3D1%26wv%3D1%26d%3D286732320&pstMsg=1"
  navigated to "https://accounts.google.com/v3/signin/rejected?TL=ADG-GRSwbybxMzVangfgJUE9BgcmerpDQ7DPQmGfaEnJJKC41z34md4eDLqOxcur&checkConnection=youtube%3A1668&checkedDomains=youtube&continue=https%3A%2F%2Fwww.google.com%2Flocal%2Fcontent%2Frap%2Freport%3FpostId%3DCi9DQUlRQUNvZENodHljRjlvT2xrME9FRXhiSGd0WDBWek5FdFhNMHcyVUVWWVMyYxAB%26t%3D1%26wv%3D1%26d%3D286732320&dsh=S705092929%3A1790270267515423&flowEntry=ServiceLogin&flowName=GlifWebSignIn&followup=https%3A%2F%2Fwww.google.com%2Flocal%2Fcontent%2Frap%2Freport%3FpostId%3DCi9DQUlRQUNvZENodHljRjlvT2xrME9FRXhiSGd0WDBWek5FdFhNMHcyVUVWWVMyYxAB%26t%3D1%26wv%3D1%26d%3D286732320&pstMsg=1&rrk=3"
============================================================
page.waitForURL: Target page, context or browser has been closed
=========================== logs ===========================
waiting for navigation until "domcontentloaded"
  navigated to "https://accounts.google.com/v3/signin/challenge/recaptcha?TL=ADG-GRSwbybxMzVangfgJUE9BgcmerpDQ7DPQmGfaEnJJKC41z34md4eDLqOxcur&checkConnection=youtube%3A1668&checkedDomains=youtube&cid=1&continue=https%3A%2F%2Fwww.google.com%2Flocal%2Fcontent%2Frap%2Freport%3FpostId%3DCi9DQUlRQUNvZENodHljRjlvT2xrME9FRXhiSGd0WDBWek5FdFhNMHcyVUVWWVMyYxAB%26t%3D1%26wv%3D1%26d%3D286732320&dsh=S705092929%3A1790270267515423&flowEntry=ServiceLogin&flowName=GlifWebSignIn&followup=https%3A%2F%2Fwww.google.com%2Flocal%2Fcontent%2Frap%2Freport%3FpostId%3DCi9DQUlRQUNvZENodHljRjlvT2xrME9FRXhiSGd0WDBWek5FdFhNMHcyVUVWWVMyYxAB%26t%3D1%26wv%3D1%26d%3D286732320&pstMsg=1"
  navigated to "https://accounts.google.com/v3/signin/challenge/pwd?TL=ADG-GRSwbybxMzVangfgJUE9BgcmerpDQ7DPQmGfaEnJJKC41z34md4eDLqOxcur&checkConnection=youtube%3A1668&checkedDomains=youtube&cid=2&continue=https%3A%2F%2Fwww.google.com%2Flocal%2Fcontent%2Frap%2Freport%3FpostId%3DCi9DQUlRQUNvZENodHljRjlvT2xrME9FRXhiSGd0WDBWek5FdFhNMHcyVUVWWVMyYxAB%26t%3D1%26wv%3D1%26d%3D286732320&dsh=S705092929%3A1790270267515423&flowEntry=ServiceLogin&flowName=GlifWebSignIn&followup=https%3A%2F%2Fwww.google.com%2Flocal%2Fcontent%2Frap%2Freport%3FpostId%3DCi9DQUlRQUNvZENodHljRjlvT2xrME9FRXhiSGd0WDBWek5FdFhNMHcyVUVWWVMyYxAB%26t%3D1%26wv%3D1%26d%3D286732320&pstMsg=1"
  navigated to "https://accounts.google.com/v3/signin/challenge/dp?TL=ADG-GRSwbybxMzVangfgJUE9BgcmerpDQ7DPQmGfaEnJJKC41z34md4eDLqOxcur&checkConnection=youtube%3A1668&checkedDomains=youtube&cid=3&continue=https%3A%2F%2Fwww.google.com%2Flocal%2Fcontent%2Frap%2Freport%3FpostId%3DCi9DQUlRQUNvZENodHljRjlvT2xrME9FRXhiSGd0WDBWek5FdFhNMHcyVUVWWVMyYxAB%26t%3D1%26wv%3D1%26d%3D286732320&dsh=S705092929%3A1790270267515423&flowEntry=ServiceLogin&flowName=GlifWebSignIn&followup=https%3A%2F%2Fwww.google.com%2Flocal%2Fcontent%2Frap%2Freport%3FpostId%3DCi9DQUlRQUNvZENodHljRjlvT2xrME9FRXhiSGd0WDBWek5FdFhNMHcyVUVWWVMyYxAB%26t%3D1%26wv%3D1%26d%3D286732320&pstMsg=1"
  navigated to "https://accounts.google.com/v3/signin/rejected?TL=ADG-GRSwbybxMzVangfgJUE9BgcmerpDQ7DPQmGfaEnJJKC41z34md4eDLqOxcur&checkConnection=youtube%3A1668&checkedDomains=youtube&continue=https%3A%2F%2Fwww.google.com%2Flocal%2Fcontent%2Frap%2Freport%3FpostId%3DCi9DQUlRQUNvZENodHljRjlvT2xrME9FRXhiSGd0WDBWek5FdFhNMHcyVUVWWVMyYxAB%26t%3D1%26wv%3D1%26d%3D286732320&dsh=S705092929%3A1790270267515423&flowEntry=ServiceLogin&flowName=GlifWebSignIn&followup=https%3A%2F%2Fwww.google.com%2Flocal%2Fcontent%2Frap%2Freport%3FpostId%3DCi9DQUlRQUNvZENodHljRjlvT2xrME9FRXhiSGd0WDBWek5FdFhNMHcyVUVWWVMyYxAB%26t%3D1%26wv%3D1%26d%3D286732320&pstMsg=1&rrk=3"
============================================================
    at runPostAuthentication (C:\Lapi\Study\Web\automation-dashboard\.next\dev\server\chunks\[root-of-the-server]__1mh4rbr._.js:614:30)
    at async runWorkflow (C:\Lapi\Study\Web\automation-dashboard\.next\dev\server\chunks\[root-of-the-server]__1mh4rbr._.js:1121:9)
    at async runAutomationJob (C:\Lapi\Study\Web\automation-dashboard\.next\dev\server\chunks\[root-of-the-server]__1mh4rbr._.js:1027:20)
    at async processSingleJob (C:\Lapi\Study\Web\automation-dashboard\.next\dev\server\chunks\[root-of-the-server]__1mh4rbr._.js:381:32)
    at async runBatch (C:\Lapi\Study\Web\automation-dashboard\.next\dev\server\chunks\[root-of-the-server]__1mh4rbr._.js:447:30)
    at async runAutomation (C:\Lapi\Study\Web\automation-dashboard\.next\dev\server\chunks\[root-of-the-server]__1mh4rbr._.js:187:45)
[2026-09-24T17:27:48.958Z] youngwals803@gmail.com: page.waitForURL: Target page, context or browser has been closed
=========================== logs ===========================
waiting for navigation until "domcontentloaded"
  navigated to "https://accounts.google.com/v3/signin/challenge/recaptcha?TL=ADG-GRQA0AfTrztv3_t1Ux8KZsq0eVVd9TmLoyVOUq9Nv6CkNuX5bS5UxGn7sIs0&checkConnection=youtube%3A1643&checkedDomains=youtube&cid=1&continue=https%3A%2F%2Fwww.google.com%2Flocal%2Fcontent%2Frap%2Freport%3FpostId%3DCi9DQUlRQUNvZENodHljRjlvT2xrME9FRXhiSGd0WDBWek5FdFhNMHcyVUVWWVMyYxAB%26t%3D1%26wv%3D1%26d%3D286732320&dsh=S1731498689%3A1790270433313799&flowEntry=ServiceLogin&flowName=GlifWebSignIn&followup=https%3A%2F%2Fwww.google.com%2Flocal%2Fcontent%2Frap%2Freport%3FpostId%3DCi9DQUlRQUNvZENodHljRjlvT2xrME9FRXhiSGd0WDBWek5FdFhNMHcyVUVWWVMyYxAB%26t%3D1%26wv%3D1%26d%3D286732320&pstMsg=1"
  navigated to "https://accounts.google.com/v3/signin/challenge/pwd?TL=ADG-GRQA0AfTrztv3_t1Ux8KZsq0eVVd9TmLoyVOUq9Nv6CkNuX5bS5UxGn7sIs0&checkConnection=youtube%3A1643&checkedDomains=youtube&cid=2&continue=https%3A%2F%2Fwww.google.com%2Flocal%2Fcontent%2Frap%2Freport%3FpostId%3DCi9DQUlRQUNvZENodHljRjlvT2xrME9FRXhiSGd0WDBWek5FdFhNMHcyVUVWWVMyYxAB%26t%3D1%26wv%3D1%26d%3D286732320&dsh=S1731498689%3A1790270433313799&flowEntry=ServiceLogin&flowName=GlifWebSignIn&followup=https%3A%2F%2Fwww.google.com%2Flocal%2Fcontent%2Frap%2Freport%3FpostId%3DCi9DQUlRQUNvZENodHljRjlvT2xrME9FRXhiSGd0WDBWek5FdFhNMHcyVUVWWVMyYxAB%26t%3D1%26wv%3D1%26d%3D286732320&pstMsg=1"
  navigated to "https://accounts.google.com/v3/signin/challenge/iap?TL=ADG-GRQA0AfTrztv3_t1Ux8KZsq0eVVd9TmLoyVOUq9Nv6CkNuX5bS5UxGn7sIs0&checkConnection=youtube%3A1643&checkedDomains=youtube&cid=3&continue=https%3A%2F%2Fwww.google.com%2Flocal%2Fcontent%2Frap%2Freport%3FpostId%3DCi9DQUlRQUNvZENodHljRjlvT2xrME9FRXhiSGd0WDBWek5FdFhNMHcyVUVWWVMyYxAB%26t%3D1%26wv%3D1%26d%3D286732320&dsh=S1731498689%3A1790270433313799&flowEntry=ServiceLogin&flowName=GlifWebSignIn&followup=https%3A%2F%2Fwww.google.com%2Flocal%2Fcontent%2Frap%2Freport%3FpostId%3DCi9DQUlRQUNvZENodHljRjlvT2xrME9FRXhiSGd0WDBWek5FdFhNMHcyVUVWWVMyYxAB%26t%3D1%26wv%3D1%26d%3D286732320&pstMsg=1"
============================================================
page.waitForURL: Target page, context or browser has been closed
=========================== logs ===========================
waiting for navigation until "domcontentloaded"
  navigated to "https://accounts.google.com/v3/signin/challenge/recaptcha?TL=ADG-GRQA0AfTrztv3_t1Ux8KZsq0eVVd9TmLoyVOUq9Nv6CkNuX5bS5UxGn7sIs0&checkConnection=youtube%3A1643&checkedDomains=youtube&cid=1&continue=https%3A%2F%2Fwww.google.com%2Flocal%2Fcontent%2Frap%2Freport%3FpostId%3DCi9DQUlRQUNvZENodHljRjlvT2xrME9FRXhiSGd0WDBWek5FdFhNMHcyVUVWWVMyYxAB%26t%3D1%26wv%3D1%26d%3D286732320&dsh=S1731498689%3A1790270433313799&flowEntry=ServiceLogin&flowName=GlifWebSignIn&followup=https%3A%2F%2Fwww.google.com%2Flocal%2Fcontent%2Frap%2Freport%3FpostId%3DCi9DQUlRQUNvZENodHljRjlvT2xrME9FRXhiSGd0WDBWek5FdFhNMHcyVUVWWVMyYxAB%26t%3D1%26wv%3D1%26d%3D286732320&pstMsg=1"
  navigated to "https://accounts.google.com/v3/signin/challenge/pwd?TL=ADG-GRQA0AfTrztv3_t1Ux8KZsq0eVVd9TmLoyVOUq9Nv6CkNuX5bS5UxGn7sIs0&checkConnection=youtube%3A1643&checkedDomains=youtube&cid=2&continue=https%3A%2F%2Fwww.google.com%2Flocal%2Fcontent%2Frap%2Freport%3FpostId%3DCi9DQUlRQUNvZENodHljRjlvT2xrME9FRXhiSGd0WDBWek5FdFhNMHcyVUVWWVMyYxAB%26t%3D1%26wv%3D1%26d%3D286732320&dsh=S1731498689%3A1790270433313799&flowEntry=ServiceLogin&flowName=GlifWebSignIn&followup=https%3A%2F%2Fwww.google.com%2Flocal%2Fcontent%2Frap%2Freport%3FpostId%3DCi9DQUlRQUNvZENodHljRjlvT2xrME9FRXhiSGd0WDBWek5FdFhNMHcyVUVWWVMyYxAB%26t%3D1%26wv%3D1%26d%3D286732320&pstMsg=1"
  navigated to "https://accounts.google.com/v3/signin/challenge/iap?TL=ADG-GRQA0AfTrztv3_t1Ux8KZsq0eVVd9TmLoyVOUq9Nv6CkNuX5bS5UxGn7sIs0&checkConnection=youtube%3A1643&checkedDomains=youtube&cid=3&continue=https%3A%2F%2Fwww.google.com%2Flocal%2Fcontent%2Frap%2Freport%3FpostId%3DCi9DQUlRQUNvZENodHljRjlvT2xrME9FRXhiSGd0WDBWek5FdFhNMHcyVUVWWVMyYxAB%26t%3D1%26wv%3D1%26d%3D286732320&dsh=S1731498689%3A1790270433313799&flowEntry=ServiceLogin&flowName=GlifWebSignIn&followup=https%3A%2F%2Fwww.google.com%2Flocal%2Fcontent%2Frap%2Freport%3FpostId%3DCi9DQUlRQUNvZENodHljRjlvT2xrME9FRXhiSGd0WDBWek5FdFhNMHcyVUVWWVMyYxAB%26t%3D1%26wv%3D1%26d%3D286732320&pstMsg=1"
============================================================
    at runPostAuthentication (C:\Lapi\Study\Web\automation-dashboard\.next\dev\server\chunks\[root-of-the-server]__1mh4rbr._.js:614:30)
    at async runWorkflow (C:\Lapi\Study\Web\automation-dashboard\.next\dev\server\chunks\[root-of-the-server]__1mh4rbr._.js:1121:9)
    at async runAutomationJob (C:\Lapi\Study\Web\automation-dashboard\.next\dev\server\chunks\[root-of-the-server]__1mh4rbr._.js:1027:20)
    at async processSingleJob (C:\Lapi\Study\Web\automation-dashboard\.next\dev\server\chunks\[root-of-the-server]__1mh4rbr._.js:381:32)
    at async runBatch (C:\Lapi\Study\Web\automation-dashboard\.next\dev\server\chunks\[root-of-the-server]__1mh4rbr._.js:447:30)
    at async runAutomation (C:\Lapi\Study\Web\automation-dashboard\.next\dev\server\chunks\[root-of-the-server]__1mh4rbr._.js:187:45)
[2026-09-24T17:34:06.300Z] clipfreelancer@gmail.com: page.waitForURL: Target page, context or browser has been closed
=========================== logs ===========================
waiting for navigation until "domcontentloaded"
  navigated to "https://accounts.google.com/v3/signin/challenge/recaptcha?TL=ADG-GRTlNpZGJtsB8EtE2V6-KfBvqoj8gNmuCFKeOpIt7lMXC0SHS4-SD03SMLRP&checkConnection=youtube%3A1668&checkedDomains=youtube&cid=1&continue=https%3A%2F%2Fwww.google.com%2Flocal%2Fcontent%2Frap%2Freport%3FpostId%3DCi9DQUlRQUNvZENodHljRjlvT2xrME9FRXhiSGd0WDBWek5FdFhNMHcyVUVWWVMyYxAB%26t%3D1%26wv%3D1%26d%3D286732320&dsh=S-368061748%3A1790270759685923&flowEntry=ServiceLogin&flowName=GlifWebSignIn&followup=https%3A%2F%2Fwww.google.com%2Flocal%2Fcontent%2Frap%2Freport%3FpostId%3DCi9DQUlRQUNvZENodHljRjlvT2xrME9FRXhiSGd0WDBWek5FdFhNMHcyVUVWWVMyYxAB%26t%3D1%26wv%3D1%26d%3D286732320&pstMsg=1"
  navigated to "https://accounts.google.com/v3/signin/challenge/pwd?TL=ADG-GRTlNpZGJtsB8EtE2V6-KfBvqoj8gNmuCFKeOpIt7lMXC0SHS4-SD03SMLRP&checkConnection=youtube%3A1668&checkedDomains=youtube&cid=2&continue=https%3A%2F%2Fwww.google.com%2Flocal%2Fcontent%2Frap%2Freport%3FpostId%3DCi9DQUlRQUNvZENodHljRjlvT2xrME9FRXhiSGd0WDBWek5FdFhNMHcyVUVWWVMyYxAB%26t%3D1%26wv%3D1%26d%3D286732320&dsh=S-368061748%3A1790270759685923&flowEntry=ServiceLogin&flowName=GlifWebSignIn&followup=https%3A%2F%2Fwww.google.com%2Flocal%2Fcontent%2Frap%2Freport%3FpostId%3DCi9DQUlRQUNvZENodHljRjlvT2xrME9FRXhiSGd0WDBWek5FdFhNMHcyVUVWWVMyYxAB%26t%3D1%26wv%3D1%26d%3D286732320&pstMsg=1"
  navigated to "https://accounts.google.com/v3/signin/challenge/iap?TL=ADG-GRTlNpZGJtsB8EtE2V6-KfBvqoj8gNmuCFKeOpIt7lMXC0SHS4-SD03SMLRP&checkConnection=youtube%3A1668&checkedDomains=youtube&cid=4&continue=https%3A%2F%2Fwww.google.com%2Flocal%2Fcontent%2Frap%2Freport%3FpostId%3DCi9DQUlRQUNvZENodHljRjlvT2xrME9FRXhiSGd0WDBWek5FdFhNMHcyVUVWWVMyYxAB%26t%3D1%26wv%3D1%26d%3D286732320&dsh=S-368061748%3A1790270759685923&flowEntry=ServiceLogin&flowName=GlifWebSignIn&followup=https%3A%2F%2Fwww.google.com%2Flocal%2Fcontent%2Frap%2Freport%3FpostId%3DCi9DQUlRQUNvZENodHljRjlvT2xrME9FRXhiSGd0WDBWek5FdFhNMHcyVUVWWVMyYxAB%26t%3D1%26wv%3D1%26d%3D286732320&pstMsg=1"
============================================================
page.waitForURL: Target page, context or browser has been closed
=========================== logs ===========================
waiting for navigation until "domcontentloaded"
  navigated to "https://accounts.google.com/v3/signin/challenge/recaptcha?TL=ADG-GRTlNpZGJtsB8EtE2V6-KfBvqoj8gNmuCFKeOpIt7lMXC0SHS4-SD03SMLRP&checkConnection=youtube%3A1668&checkedDomains=youtube&cid=1&continue=https%3A%2F%2Fwww.google.com%2Flocal%2Fcontent%2Frap%2Freport%3FpostId%3DCi9DQUlRQUNvZENodHljRjlvT2xrME9FRXhiSGd0WDBWek5FdFhNMHcyVUVWWVMyYxAB%26t%3D1%26wv%3D1%26d%3D286732320&dsh=S-368061748%3A1790270759685923&flowEntry=ServiceLogin&flowName=GlifWebSignIn&followup=https%3A%2F%2Fwww.google.com%2Flocal%2Fcontent%2Frap%2Freport%3FpostId%3DCi9DQUlRQUNvZENodHljRjlvT2xrME9FRXhiSGd0WDBWek5FdFhNMHcyVUVWWVMyYxAB%26t%3D1%26wv%3D1%26d%3D286732320&pstMsg=1"
  navigated to "https://accounts.google.com/v3/signin/challenge/pwd?TL=ADG-GRTlNpZGJtsB8EtE2V6-KfBvqoj8gNmuCFKeOpIt7lMXC0SHS4-SD03SMLRP&checkConnection=youtube%3A1668&checkedDomains=youtube&cid=2&continue=https%3A%2F%2Fwww.google.com%2Flocal%2Fcontent%2Frap%2Freport%3FpostId%3DCi9DQUlRQUNvZENodHljRjlvT2xrME9FRXhiSGd0WDBWek5FdFhNMHcyVUVWWVMyYxAB%26t%3D1%26wv%3D1%26d%3D286732320&dsh=S-368061748%3A1790270759685923&flowEntry=ServiceLogin&flowName=GlifWebSignIn&followup=https%3A%2F%2Fwww.google.com%2Flocal%2Fcontent%2Frap%2Freport%3FpostId%3DCi9DQUlRQUNvZENodHljRjlvT2xrME9FRXhiSGd0WDBWek5FdFhNMHcyVUVWWVMyYxAB%26t%3D1%26wv%3D1%26d%3D286732320&pstMsg=1"
  navigated to "https://accounts.google.com/v3/signin/challenge/iap?TL=ADG-GRTlNpZGJtsB8EtE2V6-KfBvqoj8gNmuCFKeOpIt7lMXC0SHS4-SD03SMLRP&checkConnection=youtube%3A1668&checkedDomains=youtube&cid=4&continue=https%3A%2F%2Fwww.google.com%2Flocal%2Fcontent%2Frap%2Freport%3FpostId%3DCi9DQUlRQUNvZENodHljRjlvT2xrME9FRXhiSGd0WDBWek5FdFhNMHcyVUVWWVMyYxAB%26t%3D1%26wv%3D1%26d%3D286732320&dsh=S-368061748%3A1790270759685923&flowEntry=ServiceLogin&flowName=GlifWebSignIn&followup=https%3A%2F%2Fwww.google.com%2Flocal%2Fcontent%2Frap%2Freport%3FpostId%3DCi9DQUlRQUNvZENodHljRjlvT2xrME9FRXhiSGd0WDBWek5FdFhNMHcyVUVWWVMyYxAB%26t%3D1%26wv%3D1%26d%3D286732320&pstMsg=1"
============================================================
    at runPostAuthentication (C:\Lapi\Study\Web\automation-dashboard\.next\dev\server\chunks\[root-of-the-server]__1mh4rbr._.js:614:30)
    at async runWorkflow (C:\Lapi\Study\Web\automation-dashboard\.next\dev\server\chunks\[root-of-the-server]__1mh4rbr._.js:1121:9)
    at async runAutomationJob (C:\Lapi\Study\Web\automation-dashboard\.next\dev\server\chunks\[root-of-the-server]__1mh4rbr._.js:1027:20)
    at async processSingleJob (C:\Lapi\Study\Web\automation-dashboard\.next\dev\server\chunks\[root-of-the-server]__1mh4rbr._.js:381:32)
    at async runBatch (C:\Lapi\Study\Web\automation-dashboard\.next\dev\server\chunks\[root-of-the-server]__1mh4rbr._.js:447:30)
    at async runAutomation (C:\Lapi\Study\Web\automation-dashboard\.next\dev\server\chunks\[root-of-the-server]__1mh4rbr._.js:187:45)
[2026-09-24T17:35:48.354Z] gaahvavgaah@gmail.com: page.waitForURL: Target page, context or browser has been closed
=========================== logs ===========================
waiting for navigation until "domcontentloaded"
  navigated to "https://accounts.google.com/v3/signin/challenge/pwd?TL=ADG-GRQeC0lkFr6QgMv4WteAbF8XADI91wGoXHG1xBORnvkbetktqxwgb1CelUBF&checkConnection=youtube%3A1680&checkedDomains=youtube&cid=1&continue=https%3A%2F%2Fwww.google.com%2Flocal%2Fcontent%2Frap%2Freport%3FpostId%3DCi9DQUlRQUNvZENodHljRjlvT2xrME9FRXhiSGd0WDBWek5FdFhNMHcyVUVWWVMyYxAB%26t%3D1%26wv%3D1%26d%3D286732320&dsh=S1243771623%3A1790270888933738&flowEntry=ServiceLogin&flowName=GlifWebSignIn&followup=https%3A%2F%2Fwww.google.com%2Flocal%2Fcontent%2Frap%2Freport%3FpostId%3DCi9DQUlRQUNvZENodHljRjlvT2xrME9FRXhiSGd0WDBWek5FdFhNMHcyVUVWWVMyYxAB%26t%3D1%26wv%3D1%26d%3D286732320&pstMsg=1"
  navigated to "https://accounts.google.com/v3/signin/identifier?continue=https://www.google.com/local/content/rap/report?postId%3DCi9DQUlRQUNvZENodHljRjlvT2xrME9FRXhiSGd0WDBWek5FdFhNMHcyVUVWWVMyYxAB%26t%3D1%26wv%3D1%26d%3D286732320&followup=https://www.google.com/local/content/rap/report?postId%3DCi9DQUlRQUNvZENodHljRjlvT2xrME9FRXhiSGd0WDBWek5FdFhNMHcyVUVWWVMyYxAB%26t%3D1%26wv%3D1%26d%3D286732320&passive=1209600&flowName=GlifWebSignIn&flowEntry=ServiceLogin&dsh=S1243771623:1790270888933738"
  navigated to "https://accounts.google.com/v3/signin/challenge/pwd?TL=ADG-GRQ8qfZmO_XwCLyKZSCSPvR4Dh17KvS2wI28O9cYTFGnKtAu0swhHmT8Moki&checkConnection=youtube%3A594&checkedDomains=youtube&cid=1&continue=https%3A%2F%2Fwww.google.com%2Flocal%2Fcontent%2Frap%2Freport%3FpostId%3DCi9DQUlRQUNvZENodHljRjlvT2xrME9FRXhiSGd0WDBWek5FdFhNMHcyVUVWWVMyYxAB%26t%3D1%26wv%3D1%26d%3D286732320&dsh=S1243771623%3A1790270888933738&flowEntry=ServiceLogin&flowName=GlifWebSignIn&followup=https%3A%2F%2Fwww.google.com%2Flocal%2Fcontent%2Frap%2Freport%3FpostId%3DCi9DQUlRQUNvZENodHljRjlvT2xrME9FRXhiSGd0WDBWek5FdFhNMHcyVUVWWVMyYxAB%26t%3D1%26wv%3D1%26d%3D286732320&pstMsg=1"
  navigated to "https://gds.google.com/web/landing?ep=p&gdsid=-1237432648&tda=CAA&gm3e=false&authuser=0&hl=en&continue=https://accounts.google.com/ServiceLogin?continue%3Dhttps://www.google.com/local/content/rap/report?postId%253DCi9DQUlRQUNvZENodHljRjlvT2xrME9FRXhiSGd0WDBWek5FdFhNMHcyVUVWWVMyYxAB%2526t%253D1%2526wv%253D1%2526d%253D286732320%26hl%3Den%26authuser%3D0%26passive%3Dtrue%26sarp%3D1%26aodrpl%3D1%26checkedDomains%3Dyoutube%26checkConnection%3Dyoutube:594%26pstMsg%3D1&rapt=AEjHL4PvYy0sXoUT-m0md0A97aYJ0SXs3eL8WV4eI0w3R06w99-hi6Hyhz9eG-cWC94ehuOKEKFkyWfr5N3-a-qRUr07-puU4Q&pli=1"
  navigated to "https://gds.google.com/web/landing?ep=p&gdsid=-1237432648&tda=CAA&gm3e=false&authuser=0&hl=en&continue=https://accounts.google.com/ServiceLogin?continue%3Dhttps://www.google.com/local/content/rap/report?postId%253DCi9DQUlRQUNvZENodHljRjlvT2xrME9FRXhiSGd0WDBWek5FdFhNMHcyVUVWWVMyYxAB%2526t%253D1%2526wv%253D1%2526d%253D286732320%26hl%3Den%26authuser%3D0%26passive%3Dtrue%26sarp%3D1%26aodrpl%3D1%26checkedDomains%3Dyoutube%26checkConnection%3Dyoutube:594%26pstMsg%3D1&rapt=AEjHL4PvYy0sXoUT-m0md0A97aYJ0SXs3eL8WV4eI0w3R06w99-hi6Hyhz9eG-cWC94ehuOKEKFkyWfr5N3-a-qRUr07-puU4Q&pli=1"
  navigated to "https://gds.google.com/web/recoveryoptions?cardIndex=0&hl=en&authuser=0&tda=CAA&gdsid=-1237432648&continue=https%3A%2F%2Faccounts.google.com%2FServiceLogin%3Fcontinue%3Dhttps%3A%2F%2Fwww.google.com%2Flocal%2Fcontent%2Frap%2Freport%3FpostId%253DCi9DQUlRQUNvZENodHljRjlvT2xrME9FRXhiSGd0WDBWek5FdFhNMHcyVUVWWVMyYxAB%2526t%253D1%2526wv%253D1%2526d%253D286732320%26hl%3Den%26authuser%3D0%26passive%3Dtrue%26sarp%3D1%26aodrpl%3D1%26checkedDomains%3Dyoutube%26checkConnection%3Dyoutube%3A594%26pstMsg%3D1&rapt=AEjHL4PvYy0sXoUT-m0md0A97aYJ0SXs3eL8WV4eI0w3R06w99-hi6Hyhz9eG-cWC94ehuOKEKFkyWfr5N3-a-qRUr07-puU4Q&ep=p"
============================================================
page.waitForURL: Target page, context or browser has been closed
=========================== logs ===========================
waiting for navigation until "domcontentloaded"
  navigated to "https://accounts.google.com/v3/signin/challenge/pwd?TL=ADG-GRQeC0lkFr6QgMv4WteAbF8XADI91wGoXHG1xBORnvkbetktqxwgb1CelUBF&checkConnection=youtube%3A1680&checkedDomains=youtube&cid=1&continue=https%3A%2F%2Fwww.google.com%2Flocal%2Fcontent%2Frap%2Freport%3FpostId%3DCi9DQUlRQUNvZENodHljRjlvT2xrME9FRXhiSGd0WDBWek5FdFhNMHcyVUVWWVMyYxAB%26t%3D1%26wv%3D1%26d%3D286732320&dsh=S1243771623%3A1790270888933738&flowEntry=ServiceLogin&flowName=GlifWebSignIn&followup=https%3A%2F%2Fwww.google.com%2Flocal%2Fcontent%2Frap%2Freport%3FpostId%3DCi9DQUlRQUNvZENodHljRjlvT2xrME9FRXhiSGd0WDBWek5FdFhNMHcyVUVWWVMyYxAB%26t%3D1%26wv%3D1%26d%3D286732320&pstMsg=1"
  navigated to "https://accounts.google.com/v3/signin/identifier?continue=https://www.google.com/local/content/rap/report?postId%3DCi9DQUlRQUNvZENodHljRjlvT2xrME9FRXhiSGd0WDBWek5FdFhNMHcyVUVWWVMyYxAB%26t%3D1%26wv%3D1%26d%3D286732320&followup=https://www.google.com/local/content/rap/report?postId%3DCi9DQUlRQUNvZENodHljRjlvT2xrME9FRXhiSGd0WDBWek5FdFhNMHcyVUVWWVMyYxAB%26t%3D1%26wv%3D1%26d%3D286732320&passive=1209600&flowName=GlifWebSignIn&flowEntry=ServiceLogin&dsh=S1243771623:1790270888933738"
  navigated to "https://accounts.google.com/v3/signin/challenge/pwd?TL=ADG-GRQ8qfZmO_XwCLyKZSCSPvR4Dh17KvS2wI28O9cYTFGnKtAu0swhHmT8Moki&checkConnection=youtube%3A594&checkedDomains=youtube&cid=1&continue=https%3A%2F%2Fwww.google.com%2Flocal%2Fcontent%2Frap%2Freport%3FpostId%3DCi9DQUlRQUNvZENodHljRjlvT2xrME9FRXhiSGd0WDBWek5FdFhNMHcyVUVWWVMyYxAB%26t%3D1%26wv%3D1%26d%3D286732320&dsh=S1243771623%3A1790270888933738&flowEntry=ServiceLogin&flowName=GlifWebSignIn&followup=https%3A%2F%2Fwww.google.com%2Flocal%2Fcontent%2Frap%2Freport%3FpostId%3DCi9DQUlRQUNvZENodHljRjlvT2xrME9FRXhiSGd0WDBWek5FdFhNMHcyVUVWWVMyYxAB%26t%3D1%26wv%3D1%26d%3D286732320&pstMsg=1"
  navigated to "https://gds.google.com/web/landing?ep=p&gdsid=-1237432648&tda=CAA&gm3e=false&authuser=0&hl=en&continue=https://accounts.google.com/ServiceLogin?continue%3Dhttps://www.google.com/local/content/rap/report?postId%253DCi9DQUlRQUNvZENodHljRjlvT2xrME9FRXhiSGd0WDBWek5FdFhNMHcyVUVWWVMyYxAB%2526t%253D1%2526wv%253D1%2526d%253D286732320%26hl%3Den%26authuser%3D0%26passive%3Dtrue%26sarp%3D1%26aodrpl%3D1%26checkedDomains%3Dyoutube%26checkConnection%3Dyoutube:594%26pstMsg%3D1&rapt=AEjHL4PvYy0sXoUT-m0md0A97aYJ0SXs3eL8WV4eI0w3R06w99-hi6Hyhz9eG-cWC94ehuOKEKFkyWfr5N3-a-qRUr07-puU4Q&pli=1"
  navigated to "https://gds.google.com/web/landing?ep=p&gdsid=-1237432648&tda=CAA&gm3e=false&authuser=0&hl=en&continue=https://accounts.google.com/ServiceLogin?continue%3Dhttps://www.google.com/local/content/rap/report?postId%253DCi9DQUlRQUNvZENodHljRjlvT2xrME9FRXhiSGd0WDBWek5FdFhNMHcyVUVWWVMyYxAB%2526t%253D1%2526wv%253D1%2526d%253D286732320%26hl%3Den%26authuser%3D0%26passive%3Dtrue%26sarp%3D1%26aodrpl%3D1%26checkedDomains%3Dyoutube%26checkConnection%3Dyoutube:594%26pstMsg%3D1&rapt=AEjHL4PvYy0sXoUT-m0md0A97aYJ0SXs3eL8WV4eI0w3R06w99-hi6Hyhz9eG-cWC94ehuOKEKFkyWfr5N3-a-qRUr07-puU4Q&pli=1"
  navigated to "https://gds.google.com/web/recoveryoptions?cardIndex=0&hl=en&authuser=0&tda=CAA&gdsid=-1237432648&continue=https%3A%2F%2Faccounts.google.com%2FServiceLogin%3Fcontinue%3Dhttps%3A%2F%2Fwww.google.com%2Flocal%2Fcontent%2Frap%2Freport%3FpostId%253DCi9DQUlRQUNvZENodHljRjlvT2xrME9FRXhiSGd0WDBWek5FdFhNMHcyVUVWWVMyYxAB%2526t%253D1%2526wv%253D1%2526d%253D286732320%26hl%3Den%26authuser%3D0%26passive%3Dtrue%26sarp%3D1%26aodrpl%3D1%26checkedDomains%3Dyoutube%26checkConnection%3Dyoutube%3A594%26pstMsg%3D1&rapt=AEjHL4PvYy0sXoUT-m0md0A97aYJ0SXs3eL8WV4eI0w3R06w99-hi6Hyhz9eG-cWC94ehuOKEKFkyWfr5N3-a-qRUr07-puU4Q&ep=p"
============================================================
    at runPostAuthentication (C:\Lapi\Study\Web\automation-dashboard\.next\dev\server\chunks\[root-of-the-server]__1mh4rbr._.js:614:30)
    at async runWorkflow (C:\Lapi\Study\Web\automation-dashboard\.next\dev\server\chunks\[root-of-the-server]__1mh4rbr._.js:1121:9)
    at async runAutomationJob (C:\Lapi\Study\Web\automation-dashboard\.next\dev\server\chunks\[root-of-the-server]__1mh4rbr._.js:1027:20)
    at async processSingleJob (C:\Lapi\Study\Web\automation-dashboard\.next\dev\server\chunks\[root-of-the-server]__1mh4rbr._.js:381:32)
    at async runBatch (C:\Lapi\Study\Web\automation-dashboard\.next\dev\server\chunks\[root-of-the-server]__1mh4rbr._.js:447:30)
    at async runAutomation (C:\Lapi\Study\Web\automation-dashboard\.next\dev\server\chunks\[root-of-the-server]__1mh4rbr._.js:187:45)
[2026-09-24T17:38:15.475Z] toqik718@gmail.com: page.waitForURL: Target page, context or browser has been closed
=========================== logs ===========================
waiting for navigation until "domcontentloaded"
  navigated to "https://accounts.google.com/v3/signin/challenge/pwd?TL=ADG-GRQOCwPl9jq0nTH3wB1blHGFA9WKg_fFEExHCOXaUXa_-96Qaqn4eFijZKSR&checkConnection=youtube%3A1133&checkedDomains=youtube&cid=1&continue=https%3A%2F%2Fwww.google.com%2Flocal%2Fcontent%2Frap%2Freport%3FpostId%3DCi9DQUlRQUNvZENodHljRjlvT2xrME9FRXhiSGd0WDBWek5FdFhNMHcyVUVWWVMyYxAB%26t%3D1%26wv%3D1%26d%3D286732320&dsh=S-549619940%3A1790271060867665&flowEntry=ServiceLogin&flowName=GlifWebSignIn&followup=https%3A%2F%2Fwww.google.com%2Flocal%2Fcontent%2Frap%2Freport%3FpostId%3DCi9DQUlRQUNvZENodHljRjlvT2xrME9FRXhiSGd0WDBWek5FdFhNMHcyVUVWWVMyYxAB%26t%3D1%26wv%3D1%26d%3D286732320&pstMsg=1"
  navigated to "https://accounts.google.com/v3/signin/challenge/iap?TL=ADG-GRQOCwPl9jq0nTH3wB1blHGFA9WKg_fFEExHCOXaUXa_-96Qaqn4eFijZKSR&checkConnection=youtube%3A1133&checkedDomains=youtube&cid=3&continue=https%3A%2F%2Fwww.google.com%2Flocal%2Fcontent%2Frap%2Freport%3FpostId%3DCi9DQUlRQUNvZENodHljRjlvT2xrME9FRXhiSGd0WDBWek5FdFhNMHcyVUVWWVMyYxAB%26t%3D1%26wv%3D1%26d%3D286732320&dsh=S-549619940%3A1790271060867665&flowEntry=ServiceLogin&flowName=GlifWebSignIn&followup=https%3A%2F%2Fwww.google.com%2Flocal%2Fcontent%2Frap%2Freport%3FpostId%3DCi9DQUlRQUNvZENodHljRjlvT2xrME9FRXhiSGd0WDBWek5FdFhNMHcyVUVWWVMyYxAB%26t%3D1%26wv%3D1%26d%3D286732320&pstMsg=1"
============================================================
page.waitForURL: Target page, context or browser has been closed
=========================== logs ===========================
waiting for navigation until "domcontentloaded"
  navigated to "https://accounts.google.com/v3/signin/challenge/pwd?TL=ADG-GRQOCwPl9jq0nTH3wB1blHGFA9WKg_fFEExHCOXaUXa_-96Qaqn4eFijZKSR&checkConnection=youtube%3A1133&checkedDomains=youtube&cid=1&continue=https%3A%2F%2Fwww.google.com%2Flocal%2Fcontent%2Frap%2Freport%3FpostId%3DCi9DQUlRQUNvZENodHljRjlvT2xrME9FRXhiSGd0WDBWek5FdFhNMHcyVUVWWVMyYxAB%26t%3D1%26wv%3D1%26d%3D286732320&dsh=S-549619940%3A1790271060867665&flowEntry=ServiceLogin&flowName=GlifWebSignIn&followup=https%3A%2F%2Fwww.google.com%2Flocal%2Fcontent%2Frap%2Freport%3FpostId%3DCi9DQUlRQUNvZENodHljRjlvT2xrME9FRXhiSGd0WDBWek5FdFhNMHcyVUVWWVMyYxAB%26t%3D1%26wv%3D1%26d%3D286732320&pstMsg=1"
  navigated to "https://accounts.google.com/v3/signin/challenge/iap?TL=ADG-GRQOCwPl9jq0nTH3wB1blHGFA9WKg_fFEExHCOXaUXa_-96Qaqn4eFijZKSR&checkConnection=youtube%3A1133&checkedDomains=youtube&cid=3&continue=https%3A%2F%2Fwww.google.com%2Flocal%2Fcontent%2Frap%2Freport%3FpostId%3DCi9DQUlRQUNvZENodHljRjlvT2xrME9FRXhiSGd0WDBWek5FdFhNMHcyVUVWWVMyYxAB%26t%3D1%26wv%3D1%26d%3D286732320&dsh=S-549619940%3A1790271060867665&flowEntry=ServiceLogin&flowName=GlifWebSignIn&followup=https%3A%2F%2Fwww.google.com%2Flocal%2Fcontent%2Frap%2Freport%3FpostId%3DCi9DQUlRQUNvZENodHljRjlvT2xrME9FRXhiSGd0WDBWek5FdFhNMHcyVUVWWVMyYxAB%26t%3D1%26wv%3D1%26d%3D286732320&pstMsg=1"
============================================================
    at runPostAuthentication (C:\Lapi\Study\Web\automation-dashboard\.next\dev\server\chunks\[root-of-the-server]__1mh4rbr._.js:614:30)
    at async runWorkflow (C:\Lapi\Study\Web\automation-dashboard\.next\dev\server\chunks\[root-of-the-server]__1mh4rbr._.js:1121:9)
    at async runAutomationJob (C:\Lapi\Study\Web\automation-dashboard\.next\dev\server\chunks\[root-of-the-server]__1mh4rbr._.js:1027:20)
    at async processSingleJob (C:\Lapi\Study\Web\automation-dashboard\.next\dev\server\chunks\[root-of-the-server]__1mh4rbr._.js:381:32)
    at async runBatch (C:\Lapi\Study\Web\automation-dashboard\.next\dev\server\chunks\[root-of-the-server]__1mh4rbr._.js:447:30)
    at async runAutomation (C:\Lapi\Study\Web\automation-dashboard\.next\dev\server\chunks\[root-of-the-server]__1mh4rbr._.js:187:45)
[2026-09-24T17:39:24.649Z] rightdmca8k@gmail.com: page.waitForURL: Target page, context or browser has been closed
=========================== logs ===========================
waiting for navigation until "domcontentloaded"
  navigated to "https://accounts.google.com/v3/signin/challenge/pwd?TL=ADG-GRSoyIA3O6yVePeLLuR-kVxmQyBtisnHEawd3_stWSQEmROyCOyXcSXPddXm&checkConnection=youtube%3A1250&checkedDomains=youtube&cid=1&continue=https%3A%2F%2Fwww.google.com%2Flocal%2Fcontent%2Frap%2Freport%3FpostId%3DCi9DQUlRQUNvZENodHljRjlvT2xrME9FRXhiSGd0WDBWek5FdFhNMHcyVUVWWVMyYxAB%26t%3D1%26wv%3D1%26d%3D286732320&dsh=S-399739508%3A1790271148255820&flowEntry=ServiceLogin&flowName=GlifWebSignIn&followup=https%3A%2F%2Fwww.google.com%2Flocal%2Fcontent%2Frap%2Freport%3FpostId%3DCi9DQUlRQUNvZENodHljRjlvT2xrME9FRXhiSGd0WDBWek5FdFhNMHcyVUVWWVMyYxAB%26t%3D1%26wv%3D1%26d%3D286732320&pstMsg=1"
============================================================
page.waitForURL: Target page, context or browser has been closed
=========================== logs ===========================
waiting for navigation until "domcontentloaded"
  navigated to "https://accounts.google.com/v3/signin/challenge/pwd?TL=ADG-GRSoyIA3O6yVePeLLuR-kVxmQyBtisnHEawd3_stWSQEmROyCOyXcSXPddXm&checkConnection=youtube%3A1250&checkedDomains=youtube&cid=1&continue=https%3A%2F%2Fwww.google.com%2Flocal%2Fcontent%2Frap%2Freport%3FpostId%3DCi9DQUlRQUNvZENodHljRjlvT2xrME9FRXhiSGd0WDBWek5FdFhNMHcyVUVWWVMyYxAB%26t%3D1%26wv%3D1%26d%3D286732320&dsh=S-399739508%3A1790271148255820&flowEntry=ServiceLogin&flowName=GlifWebSignIn&followup=https%3A%2F%2Fwww.google.com%2Flocal%2Fcontent%2Frap%2Freport%3FpostId%3DCi9DQUlRQUNvZENodHljRjlvT2xrME9FRXhiSGd0WDBWek5FdFhNMHcyVUVWWVMyYxAB%26t%3D1%26wv%3D1%26d%3D286732320&pstMsg=1"
============================================================
    at runPostAuthentication (C:\Lapi\Study\Web\automation-dashboard\.next\dev\server\chunks\[root-of-the-server]__1mh4rbr._.js:614:30)
    at async runWorkflow (C:\Lapi\Study\Web\automation-dashboard\.next\dev\server\chunks\[root-of-the-server]__1mh4rbr._.js:1121:9)
    at async runAutomationJob (C:\Lapi\Study\Web\automation-dashboard\.next\dev\server\chunks\[root-of-the-server]__1mh4rbr._.js:1027:20)
    at async processSingleJob (C:\Lapi\Study\Web\automation-dashboard\.next\dev\server\chunks\[root-of-the-server]__1mh4rbr._.js:381:32)
    at async runBatch (C:\Lapi\Study\Web\automation-dashboard\.next\dev\server\chunks\[root-of-the-server]__1mh4rbr._.js:447:30)
    at async runAutomation (C:\Lapi\Study\Web\automation-dashboard\.next\dev\server\chunks\[root-of-the-server]__1mh4rbr._.js:187:45)
[2026-09-24T17:39:54.740Z] loogjokes@gmail.com: page.waitForTimeout: Target page, context or browser has been closed
page.waitForTimeout: Target page, context or browser has been closed
    at runPostAuthentication (C:\Lapi\Study\Web\automation-dashboard\.next\dev\server\chunks\[root-of-the-server]__1mh4rbr._.js:608:30)
    at async runWorkflow (C:\Lapi\Study\Web\automation-dashboard\.next\dev\server\chunks\[root-of-the-server]__1mh4rbr._.js:1121:9)
    at async runAutomationJob (C:\Lapi\Study\Web\automation-dashboard\.next\dev\server\chunks\[root-of-the-server]__1mh4rbr._.js:1027:20)
    at async processSingleJob (C:\Lapi\Study\Web\automation-dashboard\.next\dev\server\chunks\[root-of-the-server]__1mh4rbr._.js:381:32)
    at async runBatch (C:\Lapi\Study\Web\automation-dashboard\.next\dev\server\chunks\[root-of-the-server]__1mh4rbr._.js:447:30)
    at async runAutomation (C:\Lapi\Study\Web\automation-dashboard\.next\dev\server\chunks\[root-of-the-server]__1mh4rbr._.js:187:45)
[2026-09-24T17:41:03.697Z] loogjokes@gmail.com: page.waitForURL: Target page, context or browser has been closed
=========================== logs ===========================
waiting for navigation until "domcontentloaded"
  navigated to "https://accounts.google.com/v3/signin/challenge/recaptcha?TL=ADG-GRQhyiZaPZVEpY69fG-a8WaRCrELD0o26jozwFDLKHmu3CbAVGYc_X0qNfAi&checkConnection=youtube%3A1668&checkedDomains=youtube&cid=1&continue=https%3A%2F%2Fwww.google.com%2Flocal%2Fcontent%2Frap%2Freport%3FpostId%3DCi9DQUlRQUNvZENodHljRjlvT2xrME9FRXhiSGd0WDBWek5FdFhNMHcyVUVWWVMyYxAB%26t%3D1%26wv%3D1%26d%3D286732320&dsh=S1662320244%3A1790271223952345&flowEntry=ServiceLogin&flowName=GlifWebSignIn&followup=https%3A%2F%2Fwww.google.com%2Flocal%2Fcontent%2Frap%2Freport%3FpostId%3DCi9DQUlRQUNvZENodHljRjlvT2xrME9FRXhiSGd0WDBWek5FdFhNMHcyVUVWWVMyYxAB%26t%3D1%26wv%3D1%26d%3D286732320&pstMsg=1"
  navigated to "https://accounts.google.com/v3/signin/identifier?continue=https://www.google.com/local/content/rap/report?postId%3DCi9DQUlRQUNvZENodHljRjlvT2xrME9FRXhiSGd0WDBWek5FdFhNMHcyVUVWWVMyYxAB%26t%3D1%26wv%3D1%26d%3D286732320&followup=https://www.google.com/local/content/rap/report?postId%3DCi9DQUlRQUNvZENodHljRjlvT2xrME9FRXhiSGd0WDBWek5FdFhNMHcyVUVWWVMyYxAB%26t%3D1%26wv%3D1%26d%3D286732320&passive=1209600&flowName=GlifWebSignIn&flowEntry=ServiceLogin&dsh=S1662320244:1790271223952345"
  navigated to "https://accounts.google.com/v3/signin/challenge/pwd?TL=ADG-GRSSpJ63QxJUJCdq_Ku4dEaBi2wo3GfP31W3nsPOK2H0mYVvLFxWpmSecrKR&checkConnection=youtube%3A605&checkedDomains=youtube&cid=1&continue=https%3A%2F%2Fwww.google.com%2Flocal%2Fcontent%2Frap%2Freport%3FpostId%3DCi9DQUlRQUNvZENodHljRjlvT2xrME9FRXhiSGd0WDBWek5FdFhNMHcyVUVWWVMyYxAB%26t%3D1%26wv%3D1%26d%3D286732320&dsh=S1662320244%3A1790271223952345&flowEntry=ServiceLogin&flowName=GlifWebSignIn&followup=https%3A%2F%2Fwww.google.com%2Flocal%2Fcontent%2Frap%2Freport%3FpostId%3DCi9DQUlRQUNvZENodHljRjlvT2xrME9FRXhiSGd0WDBWek5FdFhNMHcyVUVWWVMyYxAB%26t%3D1%26wv%3D1%26d%3D286732320&pstMsg=1"
  navigated to "https://accounts.google.com/v3/signin/challenge/iap?TL=ADG-GRSSpJ63QxJUJCdq_Ku4dEaBi2wo3GfP31W3nsPOK2H0mYVvLFxWpmSecrKR&checkConnection=youtube%3A605&checkedDomains=youtube&cid=3&continue=https%3A%2F%2Fwww.google.com%2Flocal%2Fcontent%2Frap%2Freport%3FpostId%3DCi9DQUlRQUNvZENodHljRjlvT2xrME9FRXhiSGd0WDBWek5FdFhNMHcyVUVWWVMyYxAB%26t%3D1%26wv%3D1%26d%3D286732320&dsh=S1662320244%3A1790271223952345&flowEntry=ServiceLogin&flowName=GlifWebSignIn&followup=https%3A%2F%2Fwww.google.com%2Flocal%2Fcontent%2Frap%2Freport%3FpostId%3DCi9DQUlRQUNvZENodHljRjlvT2xrME9FRXhiSGd0WDBWek5FdFhNMHcyVUVWWVMyYxAB%26t%3D1%26wv%3D1%26d%3D286732320&pstMsg=1"
  navigated to "https://accounts.google.com/v3/signin/challenge/selection?TL=ADG-GRSSpJ63QxJUJCdq_Ku4dEaBi2wo3GfP31W3nsPOK2H0mYVvLFxWpmSecrKR&checkConnection=youtube%3A605&checkedDomains=youtube&continue=https%3A%2F%2Fwww.google.com%2Flocal%2Fcontent%2Frap%2Freport%3FpostId%3DCi9DQUlRQUNvZENodHljRjlvT2xrME9FRXhiSGd0WDBWek5FdFhNMHcyVUVWWVMyYxAB%26t%3D1%26wv%3D1%26d%3D286732320&dsh=S1662320244%3A1790271223952345&flowEntry=ServiceLogin&flowName=GlifWebSignIn&followup=https%3A%2F%2Fwww.google.com%2Flocal%2Fcontent%2Frap%2Freport%3FpostId%3DCi9DQUlRQUNvZENodHljRjlvT2xrME9FRXhiSGd0WDBWek5FdFhNMHcyVUVWWVMyYxAB%26t%3D1%26wv%3D1%26d%3D286732320&lid=2&pstMsg=1"
  navigated to "https://accounts.google.com/v3/signin/challenge/iap?TL=ADG-GRSSpJ63QxJUJCdq_Ku4dEaBi2wo3GfP31W3nsPOK2H0mYVvLFxWpmSecrKR&checkConnection=youtube%3A605&checkedDomains=youtube&cid=3&continue=https%3A%2F%2Fwww.google.com%2Flocal%2Fcontent%2Frap%2Freport%3FpostId%3DCi9DQUlRQUNvZENodHljRjlvT2xrME9FRXhiSGd0WDBWek5FdFhNMHcyVUVWWVMyYxAB%26t%3D1%26wv%3D1%26d%3D286732320&dsh=S1662320244%3A1790271223952345&flowEntry=ServiceLogin&flowName=GlifWebSignIn&followup=https%3A%2F%2Fwww.google.com%2Flocal%2Fcontent%2Frap%2Freport%3FpostId%3DCi9DQUlRQUNvZENodHljRjlvT2xrME9FRXhiSGd0WDBWek5FdFhNMHcyVUVWWVMyYxAB%26t%3D1%26wv%3D1%26d%3D286732320&pstMsg=1"
============================================================
page.waitForURL: Target page, context or browser has been closed
=========================== logs ===========================
waiting for navigation until "domcontentloaded"
  navigated to "https://accounts.google.com/v3/signin/challenge/recaptcha?TL=ADG-GRQhyiZaPZVEpY69fG-a8WaRCrELD0o26jozwFDLKHmu3CbAVGYc_X0qNfAi&checkConnection=youtube%3A1668&checkedDomains=youtube&cid=1&continue=https%3A%2F%2Fwww.google.com%2Flocal%2Fcontent%2Frap%2Freport%3FpostId%3DCi9DQUlRQUNvZENodHljRjlvT2xrME9FRXhiSGd0WDBWek5FdFhNMHcyVUVWWVMyYxAB%26t%3D1%26wv%3D1%26d%3D286732320&dsh=S1662320244%3A1790271223952345&flowEntry=ServiceLogin&flowName=GlifWebSignIn&followup=https%3A%2F%2Fwww.google.com%2Flocal%2Fcontent%2Frap%2Freport%3FpostId%3DCi9DQUlRQUNvZENodHljRjlvT2xrME9FRXhiSGd0WDBWek5FdFhNMHcyVUVWWVMyYxAB%26t%3D1%26wv%3D1%26d%3D286732320&pstMsg=1"
  navigated to "https://accounts.google.com/v3/signin/identifier?continue=https://www.google.com/local/content/rap/report?postId%3DCi9DQUlRQUNvZENodHljRjlvT2xrME9FRXhiSGd0WDBWek5FdFhNMHcyVUVWWVMyYxAB%26t%3D1%26wv%3D1%26d%3D286732320&followup=https://www.google.com/local/content/rap/report?postId%3DCi9DQUlRQUNvZENodHljRjlvT2xrME9FRXhiSGd0WDBWek5FdFhNMHcyVUVWWVMyYxAB%26t%3D1%26wv%3D1%26d%3D286732320&passive=1209600&flowName=GlifWebSignIn&flowEntry=ServiceLogin&dsh=S1662320244:1790271223952345"
  navigated to "https://accounts.google.com/v3/signin/challenge/pwd?TL=ADG-GRSSpJ63QxJUJCdq_Ku4dEaBi2wo3GfP31W3nsPOK2H0mYVvLFxWpmSecrKR&checkConnection=youtube%3A605&checkedDomains=youtube&cid=1&continue=https%3A%2F%2Fwww.google.com%2Flocal%2Fcontent%2Frap%2Freport%3FpostId%3DCi9DQUlRQUNvZENodHljRjlvT2xrME9FRXhiSGd0WDBWek5FdFhNMHcyVUVWWVMyYxAB%26t%3D1%26wv%3D1%26d%3D286732320&dsh=S1662320244%3A1790271223952345&flowEntry=ServiceLogin&flowName=GlifWebSignIn&followup=https%3A%2F%2Fwww.google.com%2Flocal%2Fcontent%2Frap%2Freport%3FpostId%3DCi9DQUlRQUNvZENodHljRjlvT2xrME9FRXhiSGd0WDBWek5FdFhNMHcyVUVWWVMyYxAB%26t%3D1%26wv%3D1%26d%3D286732320&pstMsg=1"
  navigated to "https://accounts.google.com/v3/signin/challenge/iap?TL=ADG-GRSSpJ63QxJUJCdq_Ku4dEaBi2wo3GfP31W3nsPOK2H0mYVvLFxWpmSecrKR&checkConnection=youtube%3A605&checkedDomains=youtube&cid=3&continue=https%3A%2F%2Fwww.google.com%2Flocal%2Fcontent%2Frap%2Freport%3FpostId%3DCi9DQUlRQUNvZENodHljRjlvT2xrME9FRXhiSGd0WDBWek5FdFhNMHcyVUVWWVMyYxAB%26t%3D1%26wv%3D1%26d%3D286732320&dsh=S1662320244%3A1790271223952345&flowEntry=ServiceLogin&flowName=GlifWebSignIn&followup=https%3A%2F%2Fwww.google.com%2Flocal%2Fcontent%2Frap%2Freport%3FpostId%3DCi9DQUlRQUNvZENodHljRjlvT2xrME9FRXhiSGd0WDBWek5FdFhNMHcyVUVWWVMyYxAB%26t%3D1%26wv%3D1%26d%3D286732320&pstMsg=1"
  navigated to "https://accounts.google.com/v3/signin/challenge/selection?TL=ADG-GRSSpJ63QxJUJCdq_Ku4dEaBi2wo3GfP31W3nsPOK2H0mYVvLFxWpmSecrKR&checkConnection=youtube%3A605&checkedDomains=youtube&continue=https%3A%2F%2Fwww.google.com%2Flocal%2Fcontent%2Frap%2Freport%3FpostId%3DCi9DQUlRQUNvZENodHljRjlvT2xrME9FRXhiSGd0WDBWek5FdFhNMHcyVUVWWVMyYxAB%26t%3D1%26wv%3D1%26d%3D286732320&dsh=S1662320244%3A1790271223952345&flowEntry=ServiceLogin&flowName=GlifWebSignIn&followup=https%3A%2F%2Fwww.google.com%2Flocal%2Fcontent%2Frap%2Freport%3FpostId%3DCi9DQUlRQUNvZENodHljRjlvT2xrME9FRXhiSGd0WDBWek5FdFhNMHcyVUVWWVMyYxAB%26t%3D1%26wv%3D1%26d%3D286732320&lid=2&pstMsg=1"
  navigated to "https://accounts.google.com/v3/signin/challenge/iap?TL=ADG-GRSSpJ63QxJUJCdq_Ku4dEaBi2wo3GfP31W3nsPOK2H0mYVvLFxWpmSecrKR&checkConnection=youtube%3A605&checkedDomains=youtube&cid=3&continue=https%3A%2F%2Fwww.google.com%2Flocal%2Fcontent%2Frap%2Freport%3FpostId%3DCi9DQUlRQUNvZENodHljRjlvT2xrME9FRXhiSGd0WDBWek5FdFhNMHcyVUVWWVMyYxAB%26t%3D1%26wv%3D1%26d%3D286732320&dsh=S1662320244%3A1790271223952345&flowEntry=ServiceLogin&flowName=GlifWebSignIn&followup=https%3A%2F%2Fwww.google.com%2Flocal%2Fcontent%2Frap%2Freport%3FpostId%3DCi9DQUlRQUNvZENodHljRjlvT2xrME9FRXhiSGd0WDBWek5FdFhNMHcyVUVWWVMyYxAB%26t%3D1%26wv%3D1%26d%3D286732320&pstMsg=1"
============================================================
    at runPostAuthentication (C:\Lapi\Study\Web\automation-dashboard\.next\dev\server\chunks\[root-of-the-server]__1mh4rbr._.js:614:30)
    at async runWorkflow (C:\Lapi\Study\Web\automation-dashboard\.next\dev\server\chunks\[root-of-the-server]__1mh4rbr._.js:1121:9)
    at async runAutomationJob (C:\Lapi\Study\Web\automation-dashboard\.next\dev\server\chunks\[root-of-the-server]__1mh4rbr._.js:1027:20)
    at async processSingleJob (C:\Lapi\Study\Web\automation-dashboard\.next\dev\server\chunks\[root-of-the-server]__1mh4rbr._.js:381:32)
    at async runBatch (C:\Lapi\Study\Web\automation-dashboard\.next\dev\server\chunks\[root-of-the-server]__1mh4rbr._.js:447:30)
    at async runAutomation (C:\Lapi\Study\Web\automation-dashboard\.next\dev\server\chunks\[root-of-the-server]__1mh4rbr._.js:187:45)
[2026-09-24T17:43:16.014Z] jamesrames469@gmail.com: page.waitForURL: Target page, context or browser has been closed
=========================== logs ===========================
waiting for navigation until "domcontentloaded"
  navigated to "https://accounts.google.com/v3/signin/challenge/recaptcha?TL=ADG-GRRvw76dtf9nfslIiy-B2KzlEBRH9usyokGfgw1CVxcyzHhQY55sz46n8qZ7&checkConnection=youtube%3A1649&checkedDomains=youtube&cid=1&continue=https%3A%2F%2Fwww.google.com%2Flocal%2Fcontent%2Frap%2Freport%3FpostId%3DCi9DQUlRQUNvZENodHljRjlvT2xrME9FRXhiSGd0WDBWek5FdFhNMHcyVUVWWVMyYxAB%26t%3D1%26wv%3D1%26d%3D286732320&dsh=S705092929%3A1790271314577958&flowEntry=ServiceLogin&flowName=GlifWebSignIn&followup=https%3A%2F%2Fwww.google.com%2Flocal%2Fcontent%2Frap%2Freport%3FpostId%3DCi9DQUlRQUNvZENodHljRjlvT2xrME9FRXhiSGd0WDBWek5FdFhNMHcyVUVWWVMyYxAB%26t%3D1%26wv%3D1%26d%3D286732320&pstMsg=1"
  navigated to "https://accounts.google.com/v3/signin/challenge/pwd?TL=ADG-GRRvw76dtf9nfslIiy-B2KzlEBRH9usyokGfgw1CVxcyzHhQY55sz46n8qZ7&checkConnection=youtube%3A1649&checkedDomains=youtube&cid=2&continue=https%3A%2F%2Fwww.google.com%2Flocal%2Fcontent%2Frap%2Freport%3FpostId%3DCi9DQUlRQUNvZENodHljRjlvT2xrME9FRXhiSGd0WDBWek5FdFhNMHcyVUVWWVMyYxAB%26t%3D1%26wv%3D1%26d%3D286732320&dsh=S705092929%3A1790271314577958&flowEntry=ServiceLogin&flowName=GlifWebSignIn&followup=https%3A%2F%2Fwww.google.com%2Flocal%2Fcontent%2Frap%2Freport%3FpostId%3DCi9DQUlRQUNvZENodHljRjlvT2xrME9FRXhiSGd0WDBWek5FdFhNMHcyVUVWWVMyYxAB%26t%3D1%26wv%3D1%26d%3D286732320&pstMsg=1"
  navigated to "https://accounts.google.com/v3/signin/challenge/iap?TL=ADG-GRRvw76dtf9nfslIiy-B2KzlEBRH9usyokGfgw1CVxcyzHhQY55sz46n8qZ7&checkConnection=youtube%3A1649&checkedDomains=youtube&cid=3&continue=https%3A%2F%2Fwww.google.com%2Flocal%2Fcontent%2Frap%2Freport%3FpostId%3DCi9DQUlRQUNvZENodHljRjlvT2xrME9FRXhiSGd0WDBWek5FdFhNMHcyVUVWWVMyYxAB%26t%3D1%26wv%3D1%26d%3D286732320&dsh=S705092929%3A1790271314577958&flowEntry=ServiceLogin&flowName=GlifWebSignIn&followup=https%3A%2F%2Fwww.google.com%2Flocal%2Fcontent%2Frap%2Freport%3FpostId%3DCi9DQUlRQUNvZENodHljRjlvT2xrME9FRXhiSGd0WDBWek5FdFhNMHcyVUVWWVMyYxAB%26t%3D1%26wv%3D1%26d%3D286732320&pstMsg=1"
============================================================
page.waitForURL: Target page, context or browser has been closed
=========================== logs ===========================
waiting for navigation until "domcontentloaded"
  navigated to "https://accounts.google.com/v3/signin/challenge/recaptcha?TL=ADG-GRRvw76dtf9nfslIiy-B2KzlEBRH9usyokGfgw1CVxcyzHhQY55sz46n8qZ7&checkConnection=youtube%3A1649&checkedDomains=youtube&cid=1&continue=https%3A%2F%2Fwww.google.com%2Flocal%2Fcontent%2Frap%2Freport%3FpostId%3DCi9DQUlRQUNvZENodHljRjlvT2xrME9FRXhiSGd0WDBWek5FdFhNMHcyVUVWWVMyYxAB%26t%3D1%26wv%3D1%26d%3D286732320&dsh=S705092929%3A1790271314577958&flowEntry=ServiceLogin&flowName=GlifWebSignIn&followup=https%3A%2F%2Fwww.google.com%2Flocal%2Fcontent%2Frap%2Freport%3FpostId%3DCi9DQUlRQUNvZENodHljRjlvT2xrME9FRXhiSGd0WDBWek5FdFhNMHcyVUVWWVMyYxAB%26t%3D1%26wv%3D1%26d%3D286732320&pstMsg=1"
  navigated to "https://accounts.google.com/v3/signin/challenge/pwd?TL=ADG-GRRvw76dtf9nfslIiy-B2KzlEBRH9usyokGfgw1CVxcyzHhQY55sz46n8qZ7&checkConnection=youtube%3A1649&checkedDomains=youtube&cid=2&continue=https%3A%2F%2Fwww.google.com%2Flocal%2Fcontent%2Frap%2Freport%3FpostId%3DCi9DQUlRQUNvZENodHljRjlvT2xrME9FRXhiSGd0WDBWek5FdFhNMHcyVUVWWVMyYxAB%26t%3D1%26wv%3D1%26d%3D286732320&dsh=S705092929%3A1790271314577958&flowEntry=ServiceLogin&flowName=GlifWebSignIn&followup=https%3A%2F%2Fwww.google.com%2Flocal%2Fcontent%2Frap%2Freport%3FpostId%3DCi9DQUlRQUNvZENodHljRjlvT2xrME9FRXhiSGd0WDBWek5FdFhNMHcyVUVWWVMyYxAB%26t%3D1%26wv%3D1%26d%3D286732320&pstMsg=1"
  navigated to "https://accounts.google.com/v3/signin/challenge/iap?TL=ADG-GRRvw76dtf9nfslIiy-B2KzlEBRH9usyokGfgw1CVxcyzHhQY55sz46n8qZ7&checkConnection=youtube%3A1649&checkedDomains=youtube&cid=3&continue=https%3A%2F%2Fwww.google.com%2Flocal%2Fcontent%2Frap%2Freport%3FpostId%3DCi9DQUlRQUNvZENodHljRjlvT2xrME9FRXhiSGd0WDBWek5FdFhNMHcyVUVWWVMyYxAB%26t%3D1%26wv%3D1%26d%3D286732320&dsh=S705092929%3A1790271314577958&flowEntry=ServiceLogin&flowName=GlifWebSignIn&followup=https%3A%2F%2Fwww.google.com%2Flocal%2Fcontent%2Frap%2Freport%3FpostId%3DCi9DQUlRQUNvZENodHljRjlvT2xrME9FRXhiSGd0WDBWek5FdFhNMHcyVUVWWVMyYxAB%26t%3D1%26wv%3D1%26d%3D286732320&pstMsg=1"
============================================================
    at runPostAuthentication (C:\Lapi\Study\Web\automation-dashboard\.next\dev\server\chunks\[root-of-the-server]__1mh4rbr._.js:614:30)
    at async runWorkflow (C:\Lapi\Study\Web\automation-dashboard\.next\dev\server\chunks\[root-of-the-server]__1mh4rbr._.js:1121:9)
    at async runAutomationJob (C:\Lapi\Study\Web\automation-dashboard\.next\dev\server\chunks\[root-of-the-server]__1mh4rbr._.js:1027:20)
    at async processSingleJob (C:\Lapi\Study\Web\automation-dashboard\.next\dev\server\chunks\[root-of-the-server]__1mh4rbr._.js:381:32)
    at async runBatch (C:\Lapi\Study\Web\automation-dashboard\.next\dev\server\chunks\[root-of-the-server]__1mh4rbr._.js:447:30)
    at async runAutomation (C:\Lapi\Study\Web\automation-dashboard\.next\dev\server\chunks\[root-of-the-server]__1mh4rbr._.js:187:45)
[2026-09-24T17:44:26.317Z] milsjokes@gmail.com: page.waitForURL: Target page, context or browser has been closed
=========================== logs ===========================
waiting for navigation until "domcontentloaded"
  navigated to "https://accounts.google.com/v3/signin/challenge/recaptcha?TL=ADG-GRSn6c7ZfAxYJUosiT1-ZUz7pu747dYpmsgsf-TgiX6R1u7FaLI0uXDJfU4I&checkConnection=youtube%3A1715&checkedDomains=youtube&cid=1&continue=https%3A%2F%2Fwww.google.com%2Flocal%2Fcontent%2Frap%2Freport%3FpostId%3DCi9DQUlRQUNvZENodHljRjlvT2xrME9FRXhiSGd0WDBWek5FdFhNMHcyVUVWWVMyYxAB%26t%3D1%26wv%3D1%26d%3D286732320&dsh=S-1472805114%3A1790271447091984&flowEntry=ServiceLogin&flowName=GlifWebSignIn&followup=https%3A%2F%2Fwww.google.com%2Flocal%2Fcontent%2Frap%2Freport%3FpostId%3DCi9DQUlRQUNvZENodHljRjlvT2xrME9FRXhiSGd0WDBWek5FdFhNMHcyVUVWWVMyYxAB%26t%3D1%26wv%3D1%26d%3D286732320&pstMsg=1"
  navigated to "https://accounts.google.com/v3/signin/challenge/pwd?TL=ADG-GRSn6c7ZfAxYJUosiT1-ZUz7pu747dYpmsgsf-TgiX6R1u7FaLI0uXDJfU4I&checkConnection=youtube%3A1715&checkedDomains=youtube&cid=2&continue=https%3A%2F%2Fwww.google.com%2Flocal%2Fcontent%2Frap%2Freport%3FpostId%3DCi9DQUlRQUNvZENodHljRjlvT2xrME9FRXhiSGd0WDBWek5FdFhNMHcyVUVWWVMyYxAB%26t%3D1%26wv%3D1%26d%3D286732320&dsh=S-1472805114%3A1790271447091984&flowEntry=ServiceLogin&flowName=GlifWebSignIn&followup=https%3A%2F%2Fwww.google.com%2Flocal%2Fcontent%2Frap%2Freport%3FpostId%3DCi9DQUlRQUNvZENodHljRjlvT2xrME9FRXhiSGd0WDBWek5FdFhNMHcyVUVWWVMyYxAB%26t%3D1%26wv%3D1%26d%3D286732320&pstMsg=1"
  navigated to "https://accounts.google.com/v3/signin/challenge/iap?TL=ADG-GRSn6c7ZfAxYJUosiT1-ZUz7pu747dYpmsgsf-TgiX6R1u7FaLI0uXDJfU4I&checkConnection=youtube%3A1715&checkedDomains=youtube&cid=3&continue=https%3A%2F%2Fwww.google.com%2Flocal%2Fcontent%2Frap%2Freport%3FpostId%3DCi9DQUlRQUNvZENodHljRjlvT2xrME9FRXhiSGd0WDBWek5FdFhNMHcyVUVWWVMyYxAB%26t%3D1%26wv%3D1%26d%3D286732320&dsh=S-1472805114%3A1790271447091984&flowEntry=ServiceLogin&flowName=GlifWebSignIn&followup=https%3A%2F%2Fwww.google.com%2Flocal%2Fcontent%2Frap%2Freport%3FpostId%3DCi9DQUlRQUNvZENodHljRjlvT2xrME9FRXhiSGd0WDBWek5FdFhNMHcyVUVWWVMyYxAB%26t%3D1%26wv%3D1%26d%3D286732320&pstMsg=1"
============================================================
page.waitForURL: Target page, context or browser has been closed
=========================== logs ===========================
waiting for navigation until "domcontentloaded"
  navigated to "https://accounts.google.com/v3/signin/challenge/recaptcha?TL=ADG-GRSn6c7ZfAxYJUosiT1-ZUz7pu747dYpmsgsf-TgiX6R1u7FaLI0uXDJfU4I&checkConnection=youtube%3A1715&checkedDomains=youtube&cid=1&continue=https%3A%2F%2Fwww.google.com%2Flocal%2Fcontent%2Frap%2Freport%3FpostId%3DCi9DQUlRQUNvZENodHljRjlvT2xrME9FRXhiSGd0WDBWek5FdFhNMHcyVUVWWVMyYxAB%26t%3D1%26wv%3D1%26d%3D286732320&dsh=S-1472805114%3A1790271447091984&flowEntry=ServiceLogin&flowName=GlifWebSignIn&followup=https%3A%2F%2Fwww.google.com%2Flocal%2Fcontent%2Frap%2Freport%3FpostId%3DCi9DQUlRQUNvZENodHljRjlvT2xrME9FRXhiSGd0WDBWek5FdFhNMHcyVUVWWVMyYxAB%26t%3D1%26wv%3D1%26d%3D286732320&pstMsg=1"
  navigated to "https://accounts.google.com/v3/signin/challenge/pwd?TL=ADG-GRSn6c7ZfAxYJUosiT1-ZUz7pu747dYpmsgsf-TgiX6R1u7FaLI0uXDJfU4I&checkConnection=youtube%3A1715&checkedDomains=youtube&cid=2&continue=https%3A%2F%2Fwww.google.com%2Flocal%2Fcontent%2Frap%2Freport%3FpostId%3DCi9DQUlRQUNvZENodHljRjlvT2xrME9FRXhiSGd0WDBWek5FdFhNMHcyVUVWWVMyYxAB%26t%3D1%26wv%3D1%26d%3D286732320&dsh=S-1472805114%3A1790271447091984&flowEntry=ServiceLogin&flowName=GlifWebSignIn&followup=https%3A%2F%2Fwww.google.com%2Flocal%2Fcontent%2Frap%2Freport%3FpostId%3DCi9DQUlRQUNvZENodHljRjlvT2xrME9FRXhiSGd0WDBWek5FdFhNMHcyVUVWWVMyYxAB%26t%3D1%26wv%3D1%26d%3D286732320&pstMsg=1"
  navigated to "https://accounts.google.com/v3/signin/challenge/iap?TL=ADG-GRSn6c7ZfAxYJUosiT1-ZUz7pu747dYpmsgsf-TgiX6R1u7FaLI0uXDJfU4I&checkConnection=youtube%3A1715&checkedDomains=youtube&cid=3&continue=https%3A%2F%2Fwww.google.com%2Flocal%2Fcontent%2Frap%2Freport%3FpostId%3DCi9DQUlRQUNvZENodHljRjlvT2xrME9FRXhiSGd0WDBWek5FdFhNMHcyVUVWWVMyYxAB%26t%3D1%26wv%3D1%26d%3D286732320&dsh=S-1472805114%3A1790271447091984&flowEntry=ServiceLogin&flowName=GlifWebSignIn&followup=https%3A%2F%2Fwww.google.com%2Flocal%2Fcontent%2Frap%2Freport%3FpostId%3DCi9DQUlRQUNvZENodHljRjlvT2xrME9FRXhiSGd0WDBWek5FdFhNMHcyVUVWWVMyYxAB%26t%3D1%26wv%3D1%26d%3D286732320&pstMsg=1"
============================================================
    at runPostAuthentication (C:\Lapi\Study\Web\automation-dashboard\.next\dev\server\chunks\[root-of-the-server]__1mh4rbr._.js:614:30)
    at async runWorkflow (C:\Lapi\Study\Web\automation-dashboard\.next\dev\server\chunks\[root-of-the-server]__1mh4rbr._.js:1121:9)
    at async runAutomationJob (C:\Lapi\Study\Web\automation-dashboard\.next\dev\server\chunks\[root-of-the-server]__1mh4rbr._.js:1027:20)
    at async processSingleJob (C:\Lapi\Study\Web\automation-dashboard\.next\dev\server\chunks\[root-of-the-server]__1mh4rbr._.js:381:32)
    at async runBatch (C:\Lapi\Study\Web\automation-dashboard\.next\dev\server\chunks\[root-of-the-server]__1mh4rbr._.js:447:30)
    at async runAutomation (C:\Lapi\Study\Web\automation-dashboard\.next\dev\server\chunks\[root-of-the-server]__1mh4rbr._.js:187:45)
[2026-09-24T17:45:52.217Z] jospehremii@gmail.com: page.waitForURL: Target page, context or browser has been closed
=========================== logs ===========================
waiting for navigation until "domcontentloaded"
  navigated to "https://accounts.google.com/v3/signin/challenge/recaptcha?TL=ADG-GRTZZ0orLR79mJvYEQtY6cbU_HhvQTcmfSDI9sO68m7p2-TqSXd2RUfxY9hL&checkConnection=youtube%3A1689&checkedDomains=youtube&cid=1&continue=https%3A%2F%2Fwww.google.com%2Flocal%2Fcontent%2Frap%2Freport%3FpostId%3DCi9DQUlRQUNvZENodHljRjlvT2xrME9FRXhiSGd0WDBWek5FdFhNMHcyVUVWWVMyYxAB%26t%3D1%26wv%3D1%26d%3D286732320&dsh=S725122106%3A1790271513947064&flowEntry=ServiceLogin&flowName=GlifWebSignIn&followup=https%3A%2F%2Fwww.google.com%2Flocal%2Fcontent%2Frap%2Freport%3FpostId%3DCi9DQUlRQUNvZENodHljRjlvT2xrME9FRXhiSGd0WDBWek5FdFhNMHcyVUVWWVMyYxAB%26t%3D1%26wv%3D1%26d%3D286732320&pstMsg=1"
  navigated to "https://accounts.google.com/v3/signin/challenge/pwd?TL=ADG-GRTZZ0orLR79mJvYEQtY6cbU_HhvQTcmfSDI9sO68m7p2-TqSXd2RUfxY9hL&checkConnection=youtube%3A1689&checkedDomains=youtube&cid=2&continue=https%3A%2F%2Fwww.google.com%2Flocal%2Fcontent%2Frap%2Freport%3FpostId%3DCi9DQUlRQUNvZENodHljRjlvT2xrME9FRXhiSGd0WDBWek5FdFhNMHcyVUVWWVMyYxAB%26t%3D1%26wv%3D1%26d%3D286732320&dsh=S725122106%3A1790271513947064&flowEntry=ServiceLogin&flowName=GlifWebSignIn&followup=https%3A%2F%2Fwww.google.com%2Flocal%2Fcontent%2Frap%2Freport%3FpostId%3DCi9DQUlRQUNvZENodHljRjlvT2xrME9FRXhiSGd0WDBWek5FdFhNMHcyVUVWWVMyYxAB%26t%3D1%26wv%3D1%26d%3D286732320&pstMsg=1"
  navigated to "https://accounts.google.com/v3/signin/challenge/iap?TL=ADG-GRTZZ0orLR79mJvYEQtY6cbU_HhvQTcmfSDI9sO68m7p2-TqSXd2RUfxY9hL&checkConnection=youtube%3A1689&checkedDomains=youtube&cid=4&continue=https%3A%2F%2Fwww.google.com%2Flocal%2Fcontent%2Frap%2Freport%3FpostId%3DCi9DQUlRQUNvZENodHljRjlvT2xrME9FRXhiSGd0WDBWek5FdFhNMHcyVUVWWVMyYxAB%26t%3D1%26wv%3D1%26d%3D286732320&dsh=S725122106%3A1790271513947064&flowEntry=ServiceLogin&flowName=GlifWebSignIn&followup=https%3A%2F%2Fwww.google.com%2Flocal%2Fcontent%2Frap%2Freport%3FpostId%3DCi9DQUlRQUNvZENodHljRjlvT2xrME9FRXhiSGd0WDBWek5FdFhNMHcyVUVWWVMyYxAB%26t%3D1%26wv%3D1%26d%3D286732320&pstMsg=1"
============================================================
page.waitForURL: Target page, context or browser has been closed
=========================== logs ===========================
waiting for navigation until "domcontentloaded"
  navigated to "https://accounts.google.com/v3/signin/challenge/recaptcha?TL=ADG-GRTZZ0orLR79mJvYEQtY6cbU_HhvQTcmfSDI9sO68m7p2-TqSXd2RUfxY9hL&checkConnection=youtube%3A1689&checkedDomains=youtube&cid=1&continue=https%3A%2F%2Fwww.google.com%2Flocal%2Fcontent%2Frap%2Freport%3FpostId%3DCi9DQUlRQUNvZENodHljRjlvT2xrME9FRXhiSGd0WDBWek5FdFhNMHcyVUVWWVMyYxAB%26t%3D1%26wv%3D1%26d%3D286732320&dsh=S725122106%3A1790271513947064&flowEntry=ServiceLogin&flowName=GlifWebSignIn&followup=https%3A%2F%2Fwww.google.com%2Flocal%2Fcontent%2Frap%2Freport%3FpostId%3DCi9DQUlRQUNvZENodHljRjlvT2xrME9FRXhiSGd0WDBWek5FdFhNMHcyVUVWWVMyYxAB%26t%3D1%26wv%3D1%26d%3D286732320&pstMsg=1"
  navigated to "https://accounts.google.com/v3/signin/challenge/pwd?TL=ADG-GRTZZ0orLR79mJvYEQtY6cbU_HhvQTcmfSDI9sO68m7p2-TqSXd2RUfxY9hL&checkConnection=youtube%3A1689&checkedDomains=youtube&cid=2&continue=https%3A%2F%2Fwww.google.com%2Flocal%2Fcontent%2Frap%2Freport%3FpostId%3DCi9DQUlRQUNvZENodHljRjlvT2xrME9FRXhiSGd0WDBWek5FdFhNMHcyVUVWWVMyYxAB%26t%3D1%26wv%3D1%26d%3D286732320&dsh=S725122106%3A1790271513947064&flowEntry=ServiceLogin&flowName=GlifWebSignIn&followup=https%3A%2F%2Fwww.google.com%2Flocal%2Fcontent%2Frap%2Freport%3FpostId%3DCi9DQUlRQUNvZENodHljRjlvT2xrME9FRXhiSGd0WDBWek5FdFhNMHcyVUVWWVMyYxAB%26t%3D1%26wv%3D1%26d%3D286732320&pstMsg=1"
  navigated to "https://accounts.google.com/v3/signin/challenge/iap?TL=ADG-GRTZZ0orLR79mJvYEQtY6cbU_HhvQTcmfSDI9sO68m7p2-TqSXd2RUfxY9hL&checkConnection=youtube%3A1689&checkedDomains=youtube&cid=4&continue=https%3A%2F%2Fwww.google.com%2Flocal%2Fcontent%2Frap%2Freport%3FpostId%3DCi9DQUlRQUNvZENodHljRjlvT2xrME9FRXhiSGd0WDBWek5FdFhNMHcyVUVWWVMyYxAB%26t%3D1%26wv%3D1%26d%3D286732320&dsh=S725122106%3A1790271513947064&flowEntry=ServiceLogin&flowName=GlifWebSignIn&followup=https%3A%2F%2Fwww.google.com%2Flocal%2Fcontent%2Frap%2Freport%3FpostId%3DCi9DQUlRQUNvZENodHljRjlvT2xrME9FRXhiSGd0WDBWek5FdFhNMHcyVUVWWVMyYxAB%26t%3D1%26wv%3D1%26d%3D286732320&pstMsg=1"
============================================================
    at runPostAuthentication (C:\Lapi\Study\Web\automation-dashboard\.next\dev\server\chunks\[root-of-the-server]__1mh4rbr._.js:614:30)
    at async runWorkflow (C:\Lapi\Study\Web\automation-dashboard\.next\dev\server\chunks\[root-of-the-server]__1mh4rbr._.js:1121:9)
    at async runAutomationJob (C:\Lapi\Study\Web\automation-dashboard\.next\dev\server\chunks\[root-of-the-server]__1mh4rbr._.js:1027:20)
    at async processSingleJob (C:\Lapi\Study\Web\automation-dashboard\.next\dev\server\chunks\[root-of-the-server]__1mh4rbr._.js:381:32)
    at async runBatch (C:\Lapi\Study\Web\automation-dashboard\.next\dev\server\chunks\[root-of-the-server]__1mh4rbr._.js:447:30)
    at async runAutomation (C:\Lapi\Study\Web\automation-dashboard\.next\dev\server\chunks\[root-of-the-server]__1mh4rbr._.js:187:45)
[2026-09-24T17:47:51.505Z] jokeslimit2@gmail.com: page.waitForURL: Target page, context or browser has been closed
=========================== logs ===========================
waiting for navigation until "domcontentloaded"
  navigated to "https://accounts.google.com/v3/signin/challenge/recaptcha?TL=ADG-GRQ5k9BatZfVT36S3HaLj6g48211tjrWXB6Pp0vhGtv-lAVKMOoZNU7L9JEP&checkConnection=youtube%3A1667&checkedDomains=youtube&cid=1&continue=https%3A%2F%2Fwww.google.com%2Flocal%2Fcontent%2Frap%2Freport%3FpostId%3DCi9DQUlRQUNvZENodHljRjlvT2xrME9FRXhiSGd0WDBWek5FdFhNMHcyVUVWWVMyYxAB%26t%3D1%26wv%3D1%26d%3D286732320&dsh=S-1472805114%3A1790271594892947&flowEntry=ServiceLogin&flowName=GlifWebSignIn&followup=https%3A%2F%2Fwww.google.com%2Flocal%2Fcontent%2Frap%2Freport%3FpostId%3DCi9DQUlRQUNvZENodHljRjlvT2xrME9FRXhiSGd0WDBWek5FdFhNMHcyVUVWWVMyYxAB%26t%3D1%26wv%3D1%26d%3D286732320&pstMsg=1"
  navigated to "https://accounts.google.com/v3/signin/challenge/pwd?TL=ADG-GRQ5k9BatZfVT36S3HaLj6g48211tjrWXB6Pp0vhGtv-lAVKMOoZNU7L9JEP&checkConnection=youtube%3A1667&checkedDomains=youtube&cid=2&continue=https%3A%2F%2Fwww.google.com%2Flocal%2Fcontent%2Frap%2Freport%3FpostId%3DCi9DQUlRQUNvZENodHljRjlvT2xrME9FRXhiSGd0WDBWek5FdFhNMHcyVUVWWVMyYxAB%26t%3D1%26wv%3D1%26d%3D286732320&dsh=S-1472805114%3A1790271594892947&flowEntry=ServiceLogin&flowName=GlifWebSignIn&followup=https%3A%2F%2Fwww.google.com%2Flocal%2Fcontent%2Frap%2Freport%3FpostId%3DCi9DQUlRQUNvZENodHljRjlvT2xrME9FRXhiSGd0WDBWek5FdFhNMHcyVUVWWVMyYxAB%26t%3D1%26wv%3D1%26d%3D286732320&pstMsg=1"
  navigated to "https://accounts.google.com/v3/signin/challenge/dp?TL=ADG-GRQ5k9BatZfVT36S3HaLj6g48211tjrWXB6Pp0vhGtv-lAVKMOoZNU7L9JEP&checkConnection=youtube%3A1667&checkedDomains=youtube&cid=3&continue=https%3A%2F%2Fwww.google.com%2Flocal%2Fcontent%2Frap%2Freport%3FpostId%3DCi9DQUlRQUNvZENodHljRjlvT2xrME9FRXhiSGd0WDBWek5FdFhNMHcyVUVWWVMyYxAB%26t%3D1%26wv%3D1%26d%3D286732320&dsh=S-1472805114%3A1790271594892947&flowEntry=ServiceLogin&flowName=GlifWebSignIn&followup=https%3A%2F%2Fwww.google.com%2Flocal%2Fcontent%2Frap%2Freport%3FpostId%3DCi9DQUlRQUNvZENodHljRjlvT2xrME9FRXhiSGd0WDBWek5FdFhNMHcyVUVWWVMyYxAB%26t%3D1%26wv%3D1%26d%3D286732320&pstMsg=1"
============================================================
page.waitForURL: Target page, context or browser has been closed
=========================== logs ===========================
waiting for navigation until "domcontentloaded"
  navigated to "https://accounts.google.com/v3/signin/challenge/recaptcha?TL=ADG-GRQ5k9BatZfVT36S3HaLj6g48211tjrWXB6Pp0vhGtv-lAVKMOoZNU7L9JEP&checkConnection=youtube%3A1667&checkedDomains=youtube&cid=1&continue=https%3A%2F%2Fwww.google.com%2Flocal%2Fcontent%2Frap%2Freport%3FpostId%3DCi9DQUlRQUNvZENodHljRjlvT2xrME9FRXhiSGd0WDBWek5FdFhNMHcyVUVWWVMyYxAB%26t%3D1%26wv%3D1%26d%3D286732320&dsh=S-1472805114%3A1790271594892947&flowEntry=ServiceLogin&flowName=GlifWebSignIn&followup=https%3A%2F%2Fwww.google.com%2Flocal%2Fcontent%2Frap%2Freport%3FpostId%3DCi9DQUlRQUNvZENodHljRjlvT2xrME9FRXhiSGd0WDBWek5FdFhNMHcyVUVWWVMyYxAB%26t%3D1%26wv%3D1%26d%3D286732320&pstMsg=1"
  navigated to "https://accounts.google.com/v3/signin/challenge/pwd?TL=ADG-GRQ5k9BatZfVT36S3HaLj6g48211tjrWXB6Pp0vhGtv-lAVKMOoZNU7L9JEP&checkConnection=youtube%3A1667&checkedDomains=youtube&cid=2&continue=https%3A%2F%2Fwww.google.com%2Flocal%2Fcontent%2Frap%2Freport%3FpostId%3DCi9DQUlRQUNvZENodHljRjlvT2xrME9FRXhiSGd0WDBWek5FdFhNMHcyVUVWWVMyYxAB%26t%3D1%26wv%3D1%26d%3D286732320&dsh=S-1472805114%3A1790271594892947&flowEntry=ServiceLogin&flowName=GlifWebSignIn&followup=https%3A%2F%2Fwww.google.com%2Flocal%2Fcontent%2Frap%2Freport%3FpostId%3DCi9DQUlRQUNvZENodHljRjlvT2xrME9FRXhiSGd0WDBWek5FdFhNMHcyVUVWWVMyYxAB%26t%3D1%26wv%3D1%26d%3D286732320&pstMsg=1"
  navigated to "https://accounts.google.com/v3/signin/challenge/dp?TL=ADG-GRQ5k9BatZfVT36S3HaLj6g48211tjrWXB6Pp0vhGtv-lAVKMOoZNU7L9JEP&checkConnection=youtube%3A1667&checkedDomains=youtube&cid=3&continue=https%3A%2F%2Fwww.google.com%2Flocal%2Fcontent%2Frap%2Freport%3FpostId%3DCi9DQUlRQUNvZENodHljRjlvT2xrME9FRXhiSGd0WDBWek5FdFhNMHcyVUVWWVMyYxAB%26t%3D1%26wv%3D1%26d%3D286732320&dsh=S-1472805114%3A1790271594892947&flowEntry=ServiceLogin&flowName=GlifWebSignIn&followup=https%3A%2F%2Fwww.google.com%2Flocal%2Fcontent%2Frap%2Freport%3FpostId%3DCi9DQUlRQUNvZENodHljRjlvT2xrME9FRXhiSGd0WDBWek5FdFhNMHcyVUVWWVMyYxAB%26t%3D1%26wv%3D1%26d%3D286732320&pstMsg=1"
============================================================
    at runPostAuthentication (C:\Lapi\Study\Web\automation-dashboard\.next\dev\server\chunks\[root-of-the-server]__1mh4rbr._.js:614:30)
    at async runWorkflow (C:\Lapi\Study\Web\automation-dashboard\.next\dev\server\chunks\[root-of-the-server]__1mh4rbr._.js:1121:9)
    at async runAutomationJob (C:\Lapi\Study\Web\automation-dashboard\.next\dev\server\chunks\[root-of-the-server]__1mh4rbr._.js:1027:20)
    at async processSingleJob (C:\Lapi\Study\Web\automation-dashboard\.next\dev\server\chunks\[root-of-the-server]__1mh4rbr._.js:381:32)
    at async runBatch (C:\Lapi\Study\Web\automation-dashboard\.next\dev\server\chunks\[root-of-the-server]__1mh4rbr._.js:447:30)
    at async runAutomation (C:\Lapi\Study\Web\automation-dashboard\.next\dev\server\chunks\[root-of-the-server]__1mh4rbr._.js:187:45)
[2026-09-24T17:49:31.497Z] kamalbataol@gmail.com: page.waitForURL: Target page, context or browser has been closed
=========================== logs ===========================
waiting for navigation until "domcontentloaded"
  navigated to "https://accounts.google.com/v3/signin/challenge/pwd?TL=ADG-GRQSM8TJZQfu-mq2XOo3AZDkEDWcvvz70a5VQzTT2E1oT6-sVfzwbBtZvA4T&checkConnection=youtube%3A2644&checkedDomains=youtube&cid=1&continue=https%3A%2F%2Fwww.google.com%2Flocal%2Fcontent%2Frap%2Freport%3FpostId%3DCi9DQUlRQUNvZENodHljRjlvT2xrME9FRXhiSGd0WDBWek5FdFhNMHcyVUVWWVMyYxAB%26t%3D1%26wv%3D1%26d%3D286732320&dsh=S-1625389658%3A1790271735368784&flowEntry=ServiceLogin&flowName=GlifWebSignIn&followup=https%3A%2F%2Fwww.google.com%2Flocal%2Fcontent%2Frap%2Freport%3FpostId%3DCi9DQUlRQUNvZENodHljRjlvT2xrME9FRXhiSGd0WDBWek5FdFhNMHcyVUVWWVMyYxAB%26t%3D1%26wv%3D1%26d%3D286732320&pstMsg=1"
  navigated to "https://accounts.google.com/v3/signin/challenge/iap?TL=ADG-GRQSM8TJZQfu-mq2XOo3AZDkEDWcvvz70a5VQzTT2E1oT6-sVfzwbBtZvA4T&checkConnection=youtube%3A2644&checkedDomains=youtube&cid=3&continue=https%3A%2F%2Fwww.google.com%2Flocal%2Fcontent%2Frap%2Freport%3FpostId%3DCi9DQUlRQUNvZENodHljRjlvT2xrME9FRXhiSGd0WDBWek5FdFhNMHcyVUVWWVMyYxAB%26t%3D1%26wv%3D1%26d%3D286732320&dsh=S-1625389658%3A1790271735368784&flowEntry=ServiceLogin&flowName=GlifWebSignIn&followup=https%3A%2F%2Fwww.google.com%2Flocal%2Fcontent%2Frap%2Freport%3FpostId%3DCi9DQUlRQUNvZENodHljRjlvT2xrME9FRXhiSGd0WDBWek5FdFhNMHcyVUVWWVMyYxAB%26t%3D1%26wv%3D1%26d%3D286732320&pstMsg=1"
============================================================
page.waitForURL: Target page, context or browser has been closed
=========================== logs ===========================
waiting for navigation until "domcontentloaded"
  navigated to "https://accounts.google.com/v3/signin/challenge/pwd?TL=ADG-GRQSM8TJZQfu-mq2XOo3AZDkEDWcvvz70a5VQzTT2E1oT6-sVfzwbBtZvA4T&checkConnection=youtube%3A2644&checkedDomains=youtube&cid=1&continue=https%3A%2F%2Fwww.google.com%2Flocal%2Fcontent%2Frap%2Freport%3FpostId%3DCi9DQUlRQUNvZENodHljRjlvT2xrME9FRXhiSGd0WDBWek5FdFhNMHcyVUVWWVMyYxAB%26t%3D1%26wv%3D1%26d%3D286732320&dsh=S-1625389658%3A1790271735368784&flowEntry=ServiceLogin&flowName=GlifWebSignIn&followup=https%3A%2F%2Fwww.google.com%2Flocal%2Fcontent%2Frap%2Freport%3FpostId%3DCi9DQUlRQUNvZENodHljRjlvT2xrME9FRXhiSGd0WDBWek5FdFhNMHcyVUVWWVMyYxAB%26t%3D1%26wv%3D1%26d%3D286732320&pstMsg=1"
  navigated to "https://accounts.google.com/v3/signin/challenge/iap?TL=ADG-GRQSM8TJZQfu-mq2XOo3AZDkEDWcvvz70a5VQzTT2E1oT6-sVfzwbBtZvA4T&checkConnection=youtube%3A2644&checkedDomains=youtube&cid=3&continue=https%3A%2F%2Fwww.google.com%2Flocal%2Fcontent%2Frap%2Freport%3FpostId%3DCi9DQUlRQUNvZENodHljRjlvT2xrME9FRXhiSGd0WDBWek5FdFhNMHcyVUVWWVMyYxAB%26t%3D1%26wv%3D1%26d%3D286732320&dsh=S-1625389658%3A1790271735368784&flowEntry=ServiceLogin&flowName=GlifWebSignIn&followup=https%3A%2F%2Fwww.google.com%2Flocal%2Fcontent%2Frap%2Freport%3FpostId%3DCi9DQUlRQUNvZENodHljRjlvT2xrME9FRXhiSGd0WDBWek5FdFhNMHcyVUVWWVMyYxAB%26t%3D1%26wv%3D1%26d%3D286732320&pstMsg=1"
============================================================
    at runPostAuthentication (C:\Lapi\Study\Web\automation-dashboard\.next\dev\server\chunks\[root-of-the-server]__1mh4rbr._.js:614:30)
    at async runWorkflow (C:\Lapi\Study\Web\automation-dashboard\.next\dev\server\chunks\[root-of-the-server]__1mh4rbr._.js:1121:9)
    at async runAutomationJob (C:\Lapi\Study\Web\automation-dashboard\.next\dev\server\chunks\[root-of-the-server]__1mh4rbr._.js:1027:20)
    at async processSingleJob (C:\Lapi\Study\Web\automation-dashboard\.next\dev\server\chunks\[root-of-the-server]__1mh4rbr._.js:381:32)
    at async runBatch (C:\Lapi\Study\Web\automation-dashboard\.next\dev\server\chunks\[root-of-the-server]__1mh4rbr._.js:447:30)
    at async runAutomation (C:\Lapi\Study\Web\automation-dashboard\.next\dev\server\chunks\[root-of-the-server]__1mh4rbr._.js:187:45)
[2026-09-24T17:51:02.456Z] kahahihaga@gmail.com: page.waitForURL: Target page, context or browser has been closed
=========================== logs ===========================
waiting for navigation until "domcontentloaded"
  navigated to "https://accounts.google.com/v3/signin/challenge/pwd?TL=ADG-GRQlNAkKXu3dPuO-0YvyfrpKnAho_E2r4dMYz7qUEn5Np-6qJ4xCMQ6zcK9X&checkConnection=youtube%3A1658&checkedDomains=youtube&cid=1&continue=https%3A%2F%2Fwww.google.com%2Flocal%2Fcontent%2Frap%2Freport%3FpostId%3DCi9DQUlRQUNvZENodHljRjlvT2xrME9FRXhiSGd0WDBWek5FdFhNMHcyVUVWWVMyYxAB%26t%3D1%26wv%3D1%26d%3D286732320&dsh=S705092929%3A1790271816488855&flowEntry=ServiceLogin&flowName=GlifWebSignIn&followup=https%3A%2F%2Fwww.google.com%2Flocal%2Fcontent%2Frap%2Freport%3FpostId%3DCi9DQUlRQUNvZENodHljRjlvT2xrME9FRXhiSGd0WDBWek5FdFhNMHcyVUVWWVMyYxAB%26t%3D1%26wv%3D1%26d%3D286732320&pstMsg=1"
============================================================
page.waitForURL: Target page, context or browser has been closed
=========================== logs ===========================
waiting for navigation until "domcontentloaded"
  navigated to "https://accounts.google.com/v3/signin/challenge/pwd?TL=ADG-GRQlNAkKXu3dPuO-0YvyfrpKnAho_E2r4dMYz7qUEn5Np-6qJ4xCMQ6zcK9X&checkConnection=youtube%3A1658&checkedDomains=youtube&cid=1&continue=https%3A%2F%2Fwww.google.com%2Flocal%2Fcontent%2Frap%2Freport%3FpostId%3DCi9DQUlRQUNvZENodHljRjlvT2xrME9FRXhiSGd0WDBWek5FdFhNMHcyVUVWWVMyYxAB%26t%3D1%26wv%3D1%26d%3D286732320&dsh=S705092929%3A1790271816488855&flowEntry=ServiceLogin&flowName=GlifWebSignIn&followup=https%3A%2F%2Fwww.google.com%2Flocal%2Fcontent%2Frap%2Freport%3FpostId%3DCi9DQUlRQUNvZENodHljRjlvT2xrME9FRXhiSGd0WDBWek5FdFhNMHcyVUVWWVMyYxAB%26t%3D1%26wv%3D1%26d%3D286732320&pstMsg=1"
============================================================
    at runPostAuthentication (C:\Lapi\Study\Web\automation-dashboard\.next\dev\server\chunks\[root-of-the-server]__1mh4rbr._.js:614:30)
    at async runWorkflow (C:\Lapi\Study\Web\automation-dashboard\.next\dev\server\chunks\[root-of-the-server]__1mh4rbr._.js:1121:9)
    at async runAutomationJob (C:\Lapi\Study\Web\automation-dashboard\.next\dev\server\chunks\[root-of-the-server]__1mh4rbr._.js:1027:20)
    at async processSingleJob (C:\Lapi\Study\Web\automation-dashboard\.next\dev\server\chunks\[root-of-the-server]__1mh4rbr._.js:381:32)
    at async runBatch (C:\Lapi\Study\Web\automation-dashboard\.next\dev\server\chunks\[root-of-the-server]__1mh4rbr._.js:447:30)
    at async runAutomation (C:\Lapi\Study\Web\automation-dashboard\.next\dev\server\chunks\[root-of-the-server]__1mh4rbr._.js:187:45)
[2026-09-24T17:51:36.859Z] stgsd55@gmaip.com: page.waitForURL: Target page, context or browser has been closed
=========================== logs ===========================
waiting for navigation until "domcontentloaded"
  navigated to "https://accounts.google.com/v3/signin/challenge/recaptcha?TL=ADG-GRTUyF41SWFmB3SV7U5pDI7Hc2ULXyJbmx3yajB1OiOHcxBDJUd279TXjxev&checkConnection=youtube%3A1658&checkedDomains=youtube&cid=1&continue=https%3A%2F%2Fwww.google.com%2Flocal%2Fcontent%2Frap%2Freport%3FpostId%3DCi9DQUlRQUNvZENodHljRjlvT2xrME9FRXhiSGd0WDBWek5FdFhNMHcyVUVWWVMyYxAB%26t%3D1%26wv%3D1%26d%3D286732320&dsh=S-869991580%3A1790271889087063&flowEntry=ServiceLogin&flowName=GlifWebSignIn&followup=https%3A%2F%2Fwww.google.com%2Flocal%2Fcontent%2Frap%2Freport%3FpostId%3DCi9DQUlRQUNvZENodHljRjlvT2xrME9FRXhiSGd0WDBWek5FdFhNMHcyVUVWWVMyYxAB%26t%3D1%26wv%3D1%26d%3D286732320&pstMsg=1"
============================================================
page.waitForURL: Target page, context or browser has been closed
=========================== logs ===========================
waiting for navigation until "domcontentloaded"
  navigated to "https://accounts.google.com/v3/signin/challenge/recaptcha?TL=ADG-GRTUyF41SWFmB3SV7U5pDI7Hc2ULXyJbmx3yajB1OiOHcxBDJUd279TXjxev&checkConnection=youtube%3A1658&checkedDomains=youtube&cid=1&continue=https%3A%2F%2Fwww.google.com%2Flocal%2Fcontent%2Frap%2Freport%3FpostId%3DCi9DQUlRQUNvZENodHljRjlvT2xrME9FRXhiSGd0WDBWek5FdFhNMHcyVUVWWVMyYxAB%26t%3D1%26wv%3D1%26d%3D286732320&dsh=S-869991580%3A1790271889087063&flowEntry=ServiceLogin&flowName=GlifWebSignIn&followup=https%3A%2F%2Fwww.google.com%2Flocal%2Fcontent%2Frap%2Freport%3FpostId%3DCi9DQUlRQUNvZENodHljRjlvT2xrME9FRXhiSGd0WDBWek5FdFhNMHcyVUVWWVMyYxAB%26t%3D1%26wv%3D1%26d%3D286732320&pstMsg=1"
============================================================
    at runPostAuthentication (C:\Lapi\Study\Web\automation-dashboard\.next\dev\server\chunks\[root-of-the-server]__1mh4rbr._.js:614:30)
    at async runWorkflow (C:\Lapi\Study\Web\automation-dashboard\.next\dev\server\chunks\[root-of-the-server]__1mh4rbr._.js:1121:9)
    at async runAutomationJob (C:\Lapi\Study\Web\automation-dashboard\.next\dev\server\chunks\[root-of-the-server]__1mh4rbr._.js:1027:20)
    at async processSingleJob (C:\Lapi\Study\Web\automation-dashboard\.next\dev\server\chunks\[root-of-the-server]__1mh4rbr._.js:381:32)
    at async runBatch (C:\Lapi\Study\Web\automation-dashboard\.next\dev\server\chunks\[root-of-the-server]__1mh4rbr._.js:447:30)
    at async runAutomation (C:\Lapi\Study\Web\automation-dashboard\.next\dev\server\chunks\[root-of-the-server]__1mh4rbr._.js:187:45)
[2026-09-24T17:52:31.231Z] komallakes@gmail.com: page.waitForURL: Target page, context or browser has been closed
=========================== logs ===========================
waiting for navigation until "domcontentloaded"
  navigated to "https://accounts.google.com/v3/signin/challenge/recaptcha?TL=ADG-GRS_jeg7kbCcGMW4DDSDpAWPvFgBOSTxgdYgZajv3Fg17efTqHUo5g1RuQrL&checkConnection=youtube%3A1688&checkedDomains=youtube&cid=1&continue=https%3A%2F%2Fwww.google.com%2Flocal%2Fcontent%2Frap%2Freport%3FpostId%3DCi9DQUlRQUNvZENodHljRjlvT2xrME9FRXhiSGd0WDBWek5FdFhNMHcyVUVWWVMyYxAB%26t%3D1%26wv%3D1%26d%3D286732320&dsh=S68295896%3A1790271923448464&flowEntry=ServiceLogin&flowName=GlifWebSignIn&followup=https%3A%2F%2Fwww.google.com%2Flocal%2Fcontent%2Frap%2Freport%3FpostId%3DCi9DQUlRQUNvZENodHljRjlvT2xrME9FRXhiSGd0WDBWek5FdFhNMHcyVUVWWVMyYxAB%26t%3D1%26wv%3D1%26d%3D286732320&pstMsg=1"
  navigated to "https://accounts.google.com/v3/signin/challenge/pwd?TL=ADG-GRS_jeg7kbCcGMW4DDSDpAWPvFgBOSTxgdYgZajv3Fg17efTqHUo5g1RuQrL&checkConnection=youtube%3A1688&checkedDomains=youtube&cid=2&continue=https%3A%2F%2Fwww.google.com%2Flocal%2Fcontent%2Frap%2Freport%3FpostId%3DCi9DQUlRQUNvZENodHljRjlvT2xrME9FRXhiSGd0WDBWek5FdFhNMHcyVUVWWVMyYxAB%26t%3D1%26wv%3D1%26d%3D286732320&dsh=S68295896%3A1790271923448464&flowEntry=ServiceLogin&flowName=GlifWebSignIn&followup=https%3A%2F%2Fwww.google.com%2Flocal%2Fcontent%2Frap%2Freport%3FpostId%3DCi9DQUlRQUNvZENodHljRjlvT2xrME9FRXhiSGd0WDBWek5FdFhNMHcyVUVWWVMyYxAB%26t%3D1%26wv%3D1%26d%3D286732320&pstMsg=1"
  navigated to "https://accounts.google.com/v3/signin/challenge/iap?TL=ADG-GRS_jeg7kbCcGMW4DDSDpAWPvFgBOSTxgdYgZajv3Fg17efTqHUo5g1RuQrL&checkConnection=youtube%3A1688&checkedDomains=youtube&cid=4&continue=https%3A%2F%2Fwww.google.com%2Flocal%2Fcontent%2Frap%2Freport%3FpostId%3DCi9DQUlRQUNvZENodHljRjlvT2xrME9FRXhiSGd0WDBWek5FdFhNMHcyVUVWWVMyYxAB%26t%3D1%26wv%3D1%26d%3D286732320&dsh=S68295896%3A1790271923448464&flowEntry=ServiceLogin&flowName=GlifWebSignIn&followup=https%3A%2F%2Fwww.google.com%2Flocal%2Fcontent%2Frap%2Freport%3FpostId%3DCi9DQUlRQUNvZENodHljRjlvT2xrME9FRXhiSGd0WDBWek5FdFhNMHcyVUVWWVMyYxAB%26t%3D1%26wv%3D1%26d%3D286732320&pstMsg=1"
============================================================
page.waitForURL: Target page, context or browser has been closed
=========================== logs ===========================
waiting for navigation until "domcontentloaded"
  navigated to "https://accounts.google.com/v3/signin/challenge/recaptcha?TL=ADG-GRS_jeg7kbCcGMW4DDSDpAWPvFgBOSTxgdYgZajv3Fg17efTqHUo5g1RuQrL&checkConnection=youtube%3A1688&checkedDomains=youtube&cid=1&continue=https%3A%2F%2Fwww.google.com%2Flocal%2Fcontent%2Frap%2Freport%3FpostId%3DCi9DQUlRQUNvZENodHljRjlvT2xrME9FRXhiSGd0WDBWek5FdFhNMHcyVUVWWVMyYxAB%26t%3D1%26wv%3D1%26d%3D286732320&dsh=S68295896%3A1790271923448464&flowEntry=ServiceLogin&flowName=GlifWebSignIn&followup=https%3A%2F%2Fwww.google.com%2Flocal%2Fcontent%2Frap%2Freport%3FpostId%3DCi9DQUlRQUNvZENodHljRjlvT2xrME9FRXhiSGd0WDBWek5FdFhNMHcyVUVWWVMyYxAB%26t%3D1%26wv%3D1%26d%3D286732320&pstMsg=1"
  navigated to "https://accounts.google.com/v3/signin/challenge/pwd?TL=ADG-GRS_jeg7kbCcGMW4DDSDpAWPvFgBOSTxgdYgZajv3Fg17efTqHUo5g1RuQrL&checkConnection=youtube%3A1688&checkedDomains=youtube&cid=2&continue=https%3A%2F%2Fwww.google.com%2Flocal%2Fcontent%2Frap%2Freport%3FpostId%3DCi9DQUlRQUNvZENodHljRjlvT2xrME9FRXhiSGd0WDBWek5FdFhNMHcyVUVWWVMyYxAB%26t%3D1%26wv%3D1%26d%3D286732320&dsh=S68295896%3A1790271923448464&flowEntry=ServiceLogin&flowName=GlifWebSignIn&followup=https%3A%2F%2Fwww.google.com%2Flocal%2Fcontent%2Frap%2Freport%3FpostId%3DCi9DQUlRQUNvZENodHljRjlvT2xrME9FRXhiSGd0WDBWek5FdFhNMHcyVUVWWVMyYxAB%26t%3D1%26wv%3D1%26d%3D286732320&pstMsg=1"
  navigated to "https://accounts.google.com/v3/signin/challenge/iap?TL=ADG-GRS_jeg7kbCcGMW4DDSDpAWPvFgBOSTxgdYgZajv3Fg17efTqHUo5g1RuQrL&checkConnection=youtube%3A1688&checkedDomains=youtube&cid=4&continue=https%3A%2F%2Fwww.google.com%2Flocal%2Fcontent%2Frap%2Freport%3FpostId%3DCi9DQUlRQUNvZENodHljRjlvT2xrME9FRXhiSGd0WDBWek5FdFhNMHcyVUVWWVMyYxAB%26t%3D1%26wv%3D1%26d%3D286732320&dsh=S68295896%3A1790271923448464&flowEntry=ServiceLogin&flowName=GlifWebSignIn&followup=https%3A%2F%2Fwww.google.com%2Flocal%2Fcontent%2Frap%2Freport%3FpostId%3DCi9DQUlRQUNvZENodHljRjlvT2xrME9FRXhiSGd0WDBWek5FdFhNMHcyVUVWWVMyYxAB%26t%3D1%26wv%3D1%26d%3D286732320&pstMsg=1"
============================================================
    at runPostAuthentication (C:\Lapi\Study\Web\automation-dashboard\.next\dev\server\chunks\[root-of-the-server]__1mh4rbr._.js:614:30)
    at async runWorkflow (C:\Lapi\Study\Web\automation-dashboard\.next\dev\server\chunks\[root-of-the-server]__1mh4rbr._.js:1121:9)
    at async runAutomationJob (C:\Lapi\Study\Web\automation-dashboard\.next\dev\server\chunks\[root-of-the-server]__1mh4rbr._.js:1027:20)
    at async processSingleJob (C:\Lapi\Study\Web\automation-dashboard\.next\dev\server\chunks\[root-of-the-server]__1mh4rbr._.js:381:32)
    at async runBatch (C:\Lapi\Study\Web\automation-dashboard\.next\dev\server\chunks\[root-of-the-server]__1mh4rbr._.js:447:30)
    at async runAutomation (C:\Lapi\Study\Web\automation-dashboard\.next\dev\server\chunks\[root-of-the-server]__1mh4rbr._.js:187:45)
[2026-09-24T17:57:18.904Z] noormamu539@gmail.com: page.waitForURL: Timeout 180000ms exceeded.
=========================== logs ===========================
waiting for navigation until "domcontentloaded"
  navigated to "https://accounts.google.com/v3/signin/challenge/recaptcha?TL=ADG-GRT61VDu8wylW2G39qqmd5nPc4lWXW-8gH2s026wI7TLEwp9eIQWNdFnKAqx&checkConnection=youtube%3A1743&checkedDomains=youtube&cid=1&continue=https%3A%2F%2Fwww.google.com%2Flocal%2Fcontent%2Frap%2Freport%3FpostId%3DCi9DQUlRQUNvZENodHljRjlvT2xrME9FRXhiSGd0WDBWek5FdFhNMHcyVUVWWVMyYxAB%26t%3D1%26wv%3D1%26d%3D286732320&dsh=S-1625389658%3A1790272065146167&flowEntry=ServiceLogin&flowName=GlifWebSignIn&followup=https%3A%2F%2Fwww.google.com%2Flocal%2Fcontent%2Frap%2Freport%3FpostId%3DCi9DQUlRQUNvZENodHljRjlvT2xrME9FRXhiSGd0WDBWek5FdFhNMHcyVUVWWVMyYxAB%26t%3D1%26wv%3D1%26d%3D286732320&pstMsg=1"
============================================================
page.waitForURL: Timeout 180000ms exceeded.
=========================== logs ===========================
waiting for navigation until "domcontentloaded"
  navigated to "https://accounts.google.com/v3/signin/challenge/recaptcha?TL=ADG-GRT61VDu8wylW2G39qqmd5nPc4lWXW-8gH2s026wI7TLEwp9eIQWNdFnKAqx&checkConnection=youtube%3A1743&checkedDomains=youtube&cid=1&continue=https%3A%2F%2Fwww.google.com%2Flocal%2Fcontent%2Frap%2Freport%3FpostId%3DCi9DQUlRQUNvZENodHljRjlvT2xrME9FRXhiSGd0WDBWek5FdFhNMHcyVUVWWVMyYxAB%26t%3D1%26wv%3D1%26d%3D286732320&dsh=S-1625389658%3A1790272065146167&flowEntry=ServiceLogin&flowName=GlifWebSignIn&followup=https%3A%2F%2Fwww.google.com%2Flocal%2Fcontent%2Frap%2Freport%3FpostId%3DCi9DQUlRQUNvZENodHljRjlvT2xrME9FRXhiSGd0WDBWek5FdFhNMHcyVUVWWVMyYxAB%26t%3D1%26wv%3D1%26d%3D286732320&pstMsg=1"
============================================================
    at runPostAuthentication (C:\Lapi\Study\Web\automation-dashboard\.next\dev\server\chunks\[root-of-the-server]__1mh4rbr._.js:614:30)
    at async runWorkflow (C:\Lapi\Study\Web\automation-dashboard\.next\dev\server\chunks\[root-of-the-server]__1mh4rbr._.js:1121:9)
    at async runAutomationJob (C:\Lapi\Study\Web\automation-dashboard\.next\dev\server\chunks\[root-of-the-server]__1mh4rbr._.js:1027:20)
    at async processSingleJob (C:\Lapi\Study\Web\automation-dashboard\.next\dev\server\chunks\[root-of-the-server]__1mh4rbr._.js:381:32)
    at async runBatch (C:\Lapi\Study\Web\automation-dashboard\.next\dev\server\chunks\[root-of-the-server]__1mh4rbr._.js:447:30)
    at async runAutomation (C:\Lapi\Study\Web\automation-dashboard\.next\dev\server\chunks\[root-of-the-server]__1mh4rbr._.js:187:45)
[2026-09-24T17:58:16.841Z] noormamu539@gmail.com: page.waitForURL: Target page, context or browser has been closed
=========================== logs ===========================
waiting for navigation until "domcontentloaded"
  navigated to "https://accounts.google.com/v3/signin/challenge/recaptcha?TL=ADG-GRSlBap-KiCYxo9T8GYw-AmJwCEeDHoH6TytKEpA1_ueKC1SjaoL1A4p-Osm&checkConnection=youtube%3A1207&checkedDomains=youtube&cid=1&continue=https%3A%2F%2Fwww.google.com%2Flocal%2Fcontent%2Frap%2Freport%3FpostId%3DCi9DQUlRQUNvZENodHljRjlvT2xrME9FRXhiSGd0WDBWek5FdFhNMHcyVUVWWVMyYxAB%26t%3D1%26wv%3D1%26d%3D286732320&dsh=S-1039579984%3A1790272273440433&flowEntry=ServiceLogin&flowName=GlifWebSignIn&followup=https%3A%2F%2Fwww.google.com%2Flocal%2Fcontent%2Frap%2Freport%3FpostId%3DCi9DQUlRQUNvZENodHljRjlvT2xrME9FRXhiSGd0WDBWek5FdFhNMHcyVUVWWVMyYxAB%26t%3D1%26wv%3D1%26d%3D286732320&pstMsg=1"
  navigated to "https://accounts.google.com/v3/signin/challenge/pwd?TL=ADG-GRSlBap-KiCYxo9T8GYw-AmJwCEeDHoH6TytKEpA1_ueKC1SjaoL1A4p-Osm&checkConnection=youtube%3A1207&checkedDomains=youtube&cid=2&continue=https%3A%2F%2Fwww.google.com%2Flocal%2Fcontent%2Frap%2Freport%3FpostId%3DCi9DQUlRQUNvZENodHljRjlvT2xrME9FRXhiSGd0WDBWek5FdFhNMHcyVUVWWVMyYxAB%26t%3D1%26wv%3D1%26d%3D286732320&dsh=S-1039579984%3A1790272273440433&flowEntry=ServiceLogin&flowName=GlifWebSignIn&followup=https%3A%2F%2Fwww.google.com%2Flocal%2Fcontent%2Frap%2Freport%3FpostId%3DCi9DQUlRQUNvZENodHljRjlvT2xrME9FRXhiSGd0WDBWek5FdFhNMHcyVUVWWVMyYxAB%26t%3D1%26wv%3D1%26d%3D286732320&pstMsg=1"
  navigated to "https://accounts.google.com/v3/signin/challenge/iap?TL=ADG-GRSlBap-KiCYxo9T8GYw-AmJwCEeDHoH6TytKEpA1_ueKC1SjaoL1A4p-Osm&checkConnection=youtube%3A1207&checkedDomains=youtube&cid=4&continue=https%3A%2F%2Fwww.google.com%2Flocal%2Fcontent%2Frap%2Freport%3FpostId%3DCi9DQUlRQUNvZENodHljRjlvT2xrME9FRXhiSGd0WDBWek5FdFhNMHcyVUVWWVMyYxAB%26t%3D1%26wv%3D1%26d%3D286732320&dsh=S-1039579984%3A1790272273440433&flowEntry=ServiceLogin&flowName=GlifWebSignIn&followup=https%3A%2F%2Fwww.google.com%2Flocal%2Fcontent%2Frap%2Freport%3FpostId%3DCi9DQUlRQUNvZENodHljRjlvT2xrME9FRXhiSGd0WDBWek5FdFhNMHcyVUVWWVMyYxAB%26t%3D1%26wv%3D1%26d%3D286732320&pstMsg=1"
============================================================
page.waitForURL: Target page, context or browser has been closed
=========================== logs ===========================
waiting for navigation until "domcontentloaded"
  navigated to "https://accounts.google.com/v3/signin/challenge/recaptcha?TL=ADG-GRSlBap-KiCYxo9T8GYw-AmJwCEeDHoH6TytKEpA1_ueKC1SjaoL1A4p-Osm&checkConnection=youtube%3A1207&checkedDomains=youtube&cid=1&continue=https%3A%2F%2Fwww.google.com%2Flocal%2Fcontent%2Frap%2Freport%3FpostId%3DCi9DQUlRQUNvZENodHljRjlvT2xrME9FRXhiSGd0WDBWek5FdFhNMHcyVUVWWVMyYxAB%26t%3D1%26wv%3D1%26d%3D286732320&dsh=S-1039579984%3A1790272273440433&flowEntry=ServiceLogin&flowName=GlifWebSignIn&followup=https%3A%2F%2Fwww.google.com%2Flocal%2Fcontent%2Frap%2Freport%3FpostId%3DCi9DQUlRQUNvZENodHljRjlvT2xrME9FRXhiSGd0WDBWek5FdFhNMHcyVUVWWVMyYxAB%26t%3D1%26wv%3D1%26d%3D286732320&pstMsg=1"
  navigated to "https://accounts.google.com/v3/signin/challenge/pwd?TL=ADG-GRSlBap-KiCYxo9T8GYw-AmJwCEeDHoH6TytKEpA1_ueKC1SjaoL1A4p-Osm&checkConnection=youtube%3A1207&checkedDomains=youtube&cid=2&continue=https%3A%2F%2Fwww.google.com%2Flocal%2Fcontent%2Frap%2Freport%3FpostId%3DCi9DQUlRQUNvZENodHljRjlvT2xrME9FRXhiSGd0WDBWek5FdFhNMHcyVUVWWVMyYxAB%26t%3D1%26wv%3D1%26d%3D286732320&dsh=S-1039579984%3A1790272273440433&flowEntry=ServiceLogin&flowName=GlifWebSignIn&followup=https%3A%2F%2Fwww.google.com%2Flocal%2Fcontent%2Frap%2Freport%3FpostId%3DCi9DQUlRQUNvZENodHljRjlvT2xrME9FRXhiSGd0WDBWek5FdFhNMHcyVUVWWVMyYxAB%26t%3D1%26wv%3D1%26d%3D286732320&pstMsg=1"
  navigated to "https://accounts.google.com/v3/signin/challenge/iap?TL=ADG-GRSlBap-KiCYxo9T8GYw-AmJwCEeDHoH6TytKEpA1_ueKC1SjaoL1A4p-Osm&checkConnection=youtube%3A1207&checkedDomains=youtube&cid=4&continue=https%3A%2F%2Fwww.google.com%2Flocal%2Fcontent%2Frap%2Freport%3FpostId%3DCi9DQUlRQUNvZENodHljRjlvT2xrME9FRXhiSGd0WDBWek5FdFhNMHcyVUVWWVMyYxAB%26t%3D1%26wv%3D1%26d%3D286732320&dsh=S-1039579984%3A1790272273440433&flowEntry=ServiceLogin&flowName=GlifWebSignIn&followup=https%3A%2F%2Fwww.google.com%2Flocal%2Fcontent%2Frap%2Freport%3FpostId%3DCi9DQUlRQUNvZENodHljRjlvT2xrME9FRXhiSGd0WDBWek5FdFhNMHcyVUVWWVMyYxAB%26t%3D1%26wv%3D1%26d%3D286732320&pstMsg=1"
============================================================
    at runPostAuthentication (C:\Lapi\Study\Web\automation-dashboard\.next\dev\server\chunks\[root-of-the-server]__1mh4rbr._.js:614:30)
    at async runWorkflow (C:\Lapi\Study\Web\automation-dashboard\.next\dev\server\chunks\[root-of-the-server]__1mh4rbr._.js:1121:9)
    at async runAutomationJob (C:\Lapi\Study\Web\automation-dashboard\.next\dev\server\chunks\[root-of-the-server]__1mh4rbr._.js:1027:20)
    at async processSingleJob (C:\Lapi\Study\Web\automation-dashboard\.next\dev\server\chunks\[root-of-the-server]__1mh4rbr._.js:381:32)
    at async runBatch (C:\Lapi\Study\Web\automation-dashboard\.next\dev\server\chunks\[root-of-the-server]__1mh4rbr._.js:447:30)
    at async runAutomation (C:\Lapi\Study\Web\automation-dashboard\.next\dev\server\chunks\[root-of-the-server]__1mh4rbr._.js:187:45)
[2026-09-24T18:00:03.175Z] mirtoqi@gmail.com: page.waitForURL: Target page, context or browser has been closed
=========================== logs ===========================
waiting for navigation until "domcontentloaded"
  navigated to "https://accounts.google.com/v3/signin/challenge/pwd?TL=ADG-GRSIXYSeqrzRu4Mf-NjTQZNUCCUQOfu7h6BcxNh9nvs43PBs8ykIVhM_H4j2&checkConnection=youtube%3A1999&checkedDomains=youtube&cid=1&continue=https%3A%2F%2Fwww.google.com%2Flocal%2Fcontent%2Frap%2Freport%3FpostId%3DCi9DQUlRQUNvZENodHljRjlvT2xrME9FRXhiSGd0WDBWek5FdFhNMHcyVUVWWVMyYxAB%26t%3D1%26wv%3D1%26d%3D286732320&dsh=S-869991580%3A1790272389516279&flowEntry=ServiceLogin&flowName=GlifWebSignIn&followup=https%3A%2F%2Fwww.google.com%2Flocal%2Fcontent%2Frap%2Freport%3FpostId%3DCi9DQUlRQUNvZENodHljRjlvT2xrME9FRXhiSGd0WDBWek5FdFhNMHcyVUVWWVMyYxAB%26t%3D1%26wv%3D1%26d%3D286732320&pstMsg=1"
  navigated to "https://accounts.google.com/v3/signin/challenge/iap?TL=ADG-GRSIXYSeqrzRu4Mf-NjTQZNUCCUQOfu7h6BcxNh9nvs43PBs8ykIVhM_H4j2&checkConnection=youtube%3A1999&checkedDomains=youtube&cid=3&continue=https%3A%2F%2Fwww.google.com%2Flocal%2Fcontent%2Frap%2Freport%3FpostId%3DCi9DQUlRQUNvZENodHljRjlvT2xrME9FRXhiSGd0WDBWek5FdFhNMHcyVUVWWVMyYxAB%26t%3D1%26wv%3D1%26d%3D286732320&dsh=S-869991580%3A1790272389516279&flowEntry=ServiceLogin&flowName=GlifWebSignIn&followup=https%3A%2F%2Fwww.google.com%2Flocal%2Fcontent%2Frap%2Freport%3FpostId%3DCi9DQUlRQUNvZENodHljRjlvT2xrME9FRXhiSGd0WDBWek5FdFhNMHcyVUVWWVMyYxAB%26t%3D1%26wv%3D1%26d%3D286732320&pstMsg=1"
============================================================
page.waitForURL: Target page, context or browser has been closed
=========================== logs ===========================
waiting for navigation until "domcontentloaded"
  navigated to "https://accounts.google.com/v3/signin/challenge/pwd?TL=ADG-GRSIXYSeqrzRu4Mf-NjTQZNUCCUQOfu7h6BcxNh9nvs43PBs8ykIVhM_H4j2&checkConnection=youtube%3A1999&checkedDomains=youtube&cid=1&continue=https%3A%2F%2Fwww.google.com%2Flocal%2Fcontent%2Frap%2Freport%3FpostId%3DCi9DQUlRQUNvZENodHljRjlvT2xrME9FRXhiSGd0WDBWek5FdFhNMHcyVUVWWVMyYxAB%26t%3D1%26wv%3D1%26d%3D286732320&dsh=S-869991580%3A1790272389516279&flowEntry=ServiceLogin&flowName=GlifWebSignIn&followup=https%3A%2F%2Fwww.google.com%2Flocal%2Fcontent%2Frap%2Freport%3FpostId%3DCi9DQUlRQUNvZENodHljRjlvT2xrME9FRXhiSGd0WDBWek5FdFhNMHcyVUVWWVMyYxAB%26t%3D1%26wv%3D1%26d%3D286732320&pstMsg=1"
  navigated to "https://accounts.google.com/v3/signin/challenge/iap?TL=ADG-GRSIXYSeqrzRu4Mf-NjTQZNUCCUQOfu7h6BcxNh9nvs43PBs8ykIVhM_H4j2&checkConnection=youtube%3A1999&checkedDomains=youtube&cid=3&continue=https%3A%2F%2Fwww.google.com%2Flocal%2Fcontent%2Frap%2Freport%3FpostId%3DCi9DQUlRQUNvZENodHljRjlvT2xrME9FRXhiSGd0WDBWek5FdFhNMHcyVUVWWVMyYxAB%26t%3D1%26wv%3D1%26d%3D286732320&dsh=S-869991580%3A1790272389516279&flowEntry=ServiceLogin&flowName=GlifWebSignIn&followup=https%3A%2F%2Fwww.google.com%2Flocal%2Fcontent%2Frap%2Freport%3FpostId%3DCi9DQUlRQUNvZENodHljRjlvT2xrME9FRXhiSGd0WDBWek5FdFhNMHcyVUVWWVMyYxAB%26t%3D1%26wv%3D1%26d%3D286732320&pstMsg=1"
============================================================
    at runPostAuthentication (C:\Lapi\Study\Web\automation-dashboard\.next\dev\server\chunks\[root-of-the-server]__1mh4rbr._.js:614:30)
    at async runWorkflow (C:\Lapi\Study\Web\automation-dashboard\.next\dev\server\chunks\[root-of-the-server]__1mh4rbr._.js:1121:9)
    at async runAutomationJob (C:\Lapi\Study\Web\automation-dashboard\.next\dev\server\chunks\[root-of-the-server]__1mh4rbr._.js:1027:20)
    at async processSingleJob (C:\Lapi\Study\Web\automation-dashboard\.next\dev\server\chunks\[root-of-the-server]__1mh4rbr._.js:381:32)
    at async runBatch (C:\Lapi\Study\Web\automation-dashboard\.next\dev\server\chunks\[root-of-the-server]__1mh4rbr._.js:447:30)
    at async runAutomation (C:\Lapi\Study\Web\automation-dashboard\.next\dev\server\chunks\[root-of-the-server]__1mh4rbr._.js:187:45)
[2026-09-24T18:00:45.470Z] loogsharef083@gmail.com: page.waitForURL: Target page, context or browser has been closed
=========================== logs ===========================
waiting for navigation until "domcontentloaded"
============================================================
page.waitForURL: Target page, context or browser has been closed
=========================== logs ===========================
waiting for navigation until "domcontentloaded"
============================================================
    at runPostAuthentication (C:\Lapi\Study\Web\automation-dashboard\.next\dev\server\chunks\[root-of-the-server]__1mh4rbr._.js:614:30)
    at async runWorkflow (C:\Lapi\Study\Web\automation-dashboard\.next\dev\server\chunks\[root-of-the-server]__1mh4rbr._.js:1121:9)
    at async runAutomationJob (C:\Lapi\Study\Web\automation-dashboard\.next\dev\server\chunks\[root-of-the-server]__1mh4rbr._.js:1027:20)
    at async processSingleJob (C:\Lapi\Study\Web\automation-dashboard\.next\dev\server\chunks\[root-of-the-server]__1mh4rbr._.js:381:32)
    at async runBatch (C:\Lapi\Study\Web\automation-dashboard\.next\dev\server\chunks\[root-of-the-server]__1mh4rbr._.js:447:30)
    at async runAutomation (C:\Lapi\Study\Web\automation-dashboard\.next\dev\server\chunks\[root-of-the-server]__1mh4rbr._.js:187:45)
